time,company,update_time,cost,first_name,first_line,second_line,name,second_name,bus_type
运行时间：龙岗教苑总站07:00-09:00 17:00-20:00 |大鹏中心07:00-09:00 17:00-20:00,深圳市东部公共交通有限公司,最后更新：2018-12-14,票价信息：冷巴上车2元，分段收费，全程8元,深圳818大站快线公交车路线(龙岗教苑总站—大鹏中心),"1:龙岗教苑总站
2:黄阁翠苑
3:龙岗中专
4:龙岗党校
5:和兴花园
6:龙岗交警大队
7:龙岗人民医院
8:龙岗妇幼保健院
9:欧景城
10:愉园新村
11:紫薇花园
12:龙福一村
13:龙岗交通运输局
14:龙岗文化中心
15:龙城广场
16:龙城广场地铁站(1)
17:南联地铁站
18:龙岗街道办
19:龙岗长途客运站
20:双龙地铁站(3)
21:龙东社区
22:六和城
23:三洋湖
24:石井市场
25:葵涌邮局
","26:大鹏中心(1)
",深圳818大站快线公交车路线,深圳818大站快线公交车路线(大鹏中心—龙岗教苑总站),高峰专线
运行时间：龙胜地铁站--深航大厦07:30--08:30,深圳巴士集团股份有限公司,最后更新：2018-12-14,票价信息：冷巴3元,深圳高快巴士18公交车路线(龙胜地铁站—深航大厦),"1:龙胜地铁站
2:简上中路
3:简上村
4:白石龙南
5:关山月美术馆(1)
6:市民中心东
7:市民广场东
8:广电大厦
9:特区报社(2)
10:深南香蜜立交
11:招商银行大厦(1)
12:深航大厦
",,深圳高快巴士18公交车路线,,高峰专线
运行时间：观澜湖公交总站06:20-20:00 |民乐地铁站07:10-21:00,深圳市西部公共汽车有限公司,最后更新：2018-12-14,票价信息：冷巴3元,深圳高快巴士17公交车路线(观澜湖公交总站—民乐地铁站),"1:观澜湖公交总站
2:中心新村
3:太兴新村
4:福楼村
5:南大富
6:大布新村
7:观澜交管所
8:新石桥村
9:长安桥
10:观澜爱心家园
11:民乐地铁站
","1:民乐地铁站
2:银星工业区
3:长安桥
4:观澜交管所
5:松元公园
6:大布新村
7:南大富
8:福楼村
9:太兴新村
10:中心新村
11:观澜湖公交总站
",深圳高快巴士17公交车路线,深圳高快巴士17公交车路线(民乐地铁站—观澜湖公交总站),高峰专线
运行时间：白石龙总站-福田南总站07:40-08:40,深圳巴士集团股份有限公司,最后更新：2018-12-14,票价信息：冷巴2元,深圳高快巴士19公交车路线(白石龙总站—福田南总站),"1:白石龙总站
2:白石龙幼儿园
3:白石龙地铁站
4:书香门第
5:长城开发
6:关山月美术馆(1)
7:少年宫
8:市民广场西
9:卓越时代广场
10:岗厦地铁站
11:福华新村
12:福田南总站
",,深圳高快巴士19公交车路线,,高峰专线
运行时间：悦心园06:40-08:00 |福田高铁站17:30-18:30,深圳巴士集团股份有限公司,最后更新：2018-12-14,票价信息：冷巴2.5元,深圳高快巴士20公交车路线(六约新村总站—福田高铁站),"1:六约新村总站
2:悦心园
3:横岗中学
4:康乐花园
5:锦绣花园
6:康乐路口
7:塘坑地铁站
8:牛始埔居民小组
9:六约地铁站
10:深坑居民小组
11:丹竹头地铁站
12:大芬地铁站(1)
13:木棉湾地铁站(1)
14:荣超花园(2)
15:草埔地铁站(4)
16:洪湖公园(2)
17:田贝(1)
18:东门(3)
19:门诊部(2)
20:地王大厦
21:市委
22:兴华宾馆西
23:上海宾馆
24:田面
25:岗厦北地铁站(1)
","26:海关综合大楼
27:广电大厦
28:民田路中
29:福田高铁站
",深圳高快巴士20公交车路线,深圳高快巴士20公交车路线(福田高铁站—六约新村总站),高峰专线
运行时间：布吉慢城总站07:00-09:00 |福田交通枢纽17:30-19:30,深圳巴士集团股份有限公司,最后更新：2018-12-14,票价信息：冷巴3元,深圳高峰专线18公交车路线(布吉慢城—福田交通枢纽),"1:布吉慢城
2:尚峰花园
3:布龙立交
4:龙珠花园(1)
5:荣超花园(1)
6:红岗花园
7:上海宾馆西
8:广电大厦
9:特区报社(2)
10:香蜜湖(2)
11:深南香蜜立交
12:招商银行大厦(1)
13:福田交通枢纽
","1:福田交通枢纽
2:招商银行大厦(2)
3:深南香蜜立交
4:香蜜湖(2)
5:特区报社(2)
6:投资大厦
7:上海宾馆西
8:红岗花园
9:荣超花园(1)
10:龙珠花园
11:东方半岛
12:半岛苑
13:布吉慢城
",深圳高峰专线18公交车路线,深圳高峰专线18公交车路线(福田交通枢纽—布吉慢城),高峰专线
运行时间：布吉慢城07:00 07:20 07:45 |下沙总站18:00 18:20 18:50,深圳巴士集团股份有限公司,最后更新：2018-12-14,票价信息：冷巴2元,深圳高峰专线19公交车路线(布吉慢城—下沙总站),"1:布吉慢城
2:布澜路口
3:大芬地铁站(1)
4:木棉湾地铁站(1)
5:龙珠花园(1)
6:荣超花园(4)
7:独树村
8:宝安北路口
9:泥岗村(1)
10:银湖汽车站(1)
11:华茂苑
12:北环新洲立交
13:景鹏大厦
14:华强职校
15:福田实验学校(2)
16:下沙(1)
17:下沙总站
","1:下沙总站
2:下沙(2)
3:上沙
4:福田实验学校(2)
5:华强职校
6:景鹏大厦
7:北环新洲立交
8:银湖汽车站(1)
9:泥岗村(1)
10:宝安北路口(1)
11:独树村(2)
12:荣超花园(4)
13:龙珠花园
14:木棉湾地铁站(1)
15:大芬地铁站(1)
16:布澜路口
17:布吉慢城
",深圳高峰专线19公交车路线,深圳高峰专线19公交车路线(下沙总站—布吉慢城),高峰专线
运行时间：布吉慢城07:00-10:00 |购物公园地铁站17:00-20:00,深圳巴士集团股份有限公司,最后更新：2018-12-14,票价信息：冷巴2元,深圳高峰专线17公交车路线(布吉慢城—购物公园地铁),"1:布吉慢城
2:尚峰花园
3:布澜路口
4:桂芳园
5:大芬地铁站(2)
6:木棉湾地铁站(2)
7:龙珠花园(2)
8:荣超花园(2)
9:市话大厦
10:海外装饰大厦(1)
11:人才大厦
12:市民中心东
13:大中华国际广场
14:购物公园地铁站
","1:购物公园地铁站
2:大中华国际广场
3:市民中心东
4:人才大厦
5:海外装饰大厦(1)
6:市话大厦(1)
7:荣超花园(4)
8:龙珠花园
9:木棉湾地铁站(2)
10:大芬地铁站(2)
11:布澜路口
12:尚峰花园
13:布吉慢城
",深圳高峰专线17公交车路线,深圳高峰专线17公交车路线(购物公园地铁—布吉慢城),高峰专线
运行时间：龙悦居公交总站06:50-09:15 16:50-19:20 |福田交通枢纽07:20-09:45 17:30-20:15,深圳市西部公共汽车有限公司,最后更新：2018-12-14,票价信息：冷巴3元,深圳高快巴士16公交车路线(龙悦居公交总站—福田交通枢纽),"1:龙悦居公交总站
2:龙悦居四期
3:水榭山
4:市委党校
5:香蜜红荔立交
6:天安数码城
7:下沙(1)
8:福田交通枢纽
","1:福田交通枢纽
2:上沙
3:天安数码城
4:香蜜红荔立交
5:市委党校
6:水榭山
7:龙悦居四期
8:致远南路
9:龙悦居公交总站
",深圳高快巴士16公交车路线,深圳高快巴士16公交车路线(福田交通枢纽—龙悦居公交总站),高峰专线
运行时间：龙华清华路总站07:00-09:00 |东方雅苑17:30-20:00,深圳巴士集团股份有限公司,最后更新：2018-12-14,票价信息：冷巴2元,深圳高峰专线14公交车路线(龙华和平工业园总站—东方雅苑),"1:龙华和平工业园总站
2:清湖市场
3:龙华汽车站
4:龙华消防中队
5:龙华文化广场
6:风和日丽
7:金地梅陇镇
8:东泉新村
9:铁路桥
10:樟坑
11:潜龙花园
12:石龙路口
13:惠鑫公寓(2)
14:彩福大厦
15:福华三路口
16:会展中心
17:益田中路
18:东方雅苑
","1:东方雅苑
2:益田中路
3:会展中心
4:福华三路口
5:彩福大厦
6:中级法院
7:惠鑫公寓(2)
8:石龙路口
9:潜龙花园
10:樟坑
11:铁路桥
12:东泉新村
13:金地梅陇镇
14:风和日丽
15:龙华文化广场
16:龙华消防中队
17:龙华汽车站西
18:玉翠新村
19:龙华和平工业园总站
",深圳高峰专线14公交车路线,深圳高峰专线14公交车路线(东方雅苑—龙华和平工业园总站),高峰专线
运行时间：坑梓市场07:00-08:20|罗湖人才大市场18:00-19:20,深圳市东部公共交通有限公司,最后更新：2018-12-14,票价信息：冷巴10元,深圳高快巴士15公交车路线(坑梓市场—人才大市场),"1:坑梓市场
2:坪山区委区政府
3:坪山围
4:东方威尼斯
5:横岗地铁站
6:洪湖公园(1)
7:人才大市场
","1:人才大市场
2:洪湖公园(1)
3:横岗地铁站
4:坪山城市候机楼
5:坪山围
6:坪山区委区政府
7:坑梓市场
",深圳高快巴士15公交车路线,深圳高快巴士15公交车路线(人才大市场—坑梓市场),高峰专线
运行时间：水尾07:00-08:00 |园岭地铁站17:50-18:30,深圳市西部公共汽车有限公司,最后更新：2018-12-14,票价信息：冷巴上车2元，分段收费，全程3元,深圳高峰专线13公交车路线(水尾—园岭地铁站),"1:水尾
2:东边(2)
3:民康路口
4:横岭二区
5:横岭
6:惠鑫公寓(2)
7:民乐地铁站(4)
8:笔架山水厂
9:银湖汽车站(1)
10:泥岗村(2)
11:八卦岭社康中心
12:友谊医院
13:市检察院(2)
14:园岭地铁站
","1:园岭地铁站
2:市检察院(2)
3:友谊医院
4:八卦岭社康中心
5:平安大厦(2)
6:银湖汽车站(1)
7:市救助站
8:笔架山水厂
9:民乐地铁站(2)
10:惠鑫公寓(2)
11:横岭
12:横岭二区
13:民康路口
14:东边
15:水尾
",深圳高峰专线13公交车路线,深圳高峰专线13公交车路线(园岭地铁站—水尾),高峰专线
运行时间：大鹏汽车站05:55 19:15 20:15 21:15 |黄贝岭地铁站07:15 20:35 21:35 22:35,深圳市东部公共交通有限公司,最后更新：2018-12-14,票价信息：冷巴3元,深圳高快巴士13公交车路线(大鹏汽车站—黄贝岭地铁站(1)),"1:大鹏汽车站
2:大鹏新区管委会(1)
3:葵涌中心
4:土洋派出所
5:莲塘
6:罗湖体育馆
7:黄贝岭地铁站(1)
","1:黄贝岭地铁站(1)
2:罗湖体育馆
3:莲塘
4:土洋派出所
5:葵涌中心
6:大鹏新区管委会(1)
7:大鹏汽车站
",深圳高快巴士13公交车路线,深圳高快巴士13公交车路线(黄贝岭地铁站(1)—大鹏汽车站),高峰专线
运行时间：东环一路中06:40 06:50 07:00 07:10 07:18 |海岸城17:30 17:42 17:55 18:07 18:20,深圳市西部公共汽车有限公司,最后更新：2018-12-14,票价信息：冷巴3元,深圳高峰专线12公交车路线(东环一路中—海岸城),"1:东环一路中
2:集瑞二区
3:明珠商务大厦
4:风和日丽
5:民治二小
6:金地梅陇镇
7:世纪春城
8:民兴路口
9:东泉新村
10:樟坑
11:潜龙花园
12:惠鑫公寓(1)
13:民乐地铁站(3)
14:翠海花园(1)
15:鸿新花园(1)
16:警校
17:园博园西
18:世界之窗(1)
19:白石洲(2)
20:大冲
21:科技园(1)
22:深大北门(1)
23:南山文体中心
24:南航公司
25:中油大厦
","26:亿利达大厦
27:海岸城
",深圳高峰专线12公交车路线,深圳高峰专线12公交车路线(海岸城—东环一路中),高峰专线
运行时间：草埔地铁站总站07:30-08:30 |科技园公交总站17:40-19:00,深圳巴士集团股份有限公司,最后更新：2018-12-14,票价信息：冷巴2.5元,深圳高峰专线11公交车路线(草埔地铁站总站—科技园公交总站),"1:草埔地铁站总站
2:草埔地铁站(7)
3:独树村
4:泥岗桥
5:红岗花园
6:宝安北路口
7:泥岗村(1)
8:深中泥岗分校
9:银湖汽车站(1)
10:市救助站
11:笔架山水厂
12:华茂苑
13:北环中学
14:广中医深圳医院
15:北环香梅北天桥
16:清华信息港
17:科苑立交南
18:科苑北
19:深南科苑立交北
20:高科技中心
21:中兴通讯
22:科技园公交总站
","1:科技园公交总站
2:中兴通讯
3:高科技中心
4:深南科苑立交北
5:科苑北
6:清华信息港
7:北环香梅北天桥
8:深圳石油大厦
9:广中医深圳医院
10:北环中学
11:彩田村北
12:银湖汽车站(1)
13:泥岗村(1)
14:宝安北路口(2)
15:红岗花园
16:泥岗桥
17:独树村(2)
18:草埔地铁站
19:荣超花园(4)
20:草埔地铁站总站
",深圳高峰专线11公交车路线,深圳高峰专线11公交车路线(科技园公交总站—草埔地铁站总站),高峰专线
运行时间：月亮湾花园07:30-08:30 |科技园公交总站18:00-19:00,深圳巴士集团股份有限公司,最后更新：2018-12-14,票价信息：冷巴2元,深圳高峰专线10公交车路线(月亮湾花园—科技园公交总站),"1:月亮湾花园
2:前海兴海路口
3:南山花园
4:深大附中
5:青青世界
6:前海沿湖路口
7:太子山庄
8:南山党校
9:城市山林西
10:南园村东
11:亿利达大厦
12:新能源大厦
13:海雅百货
14:后海立交
15:滨海之窗
16:卓越后海中心
17:科苑地铁站
18:白石科苑路口
19:高新公寓
20:创维大厦
21:中科大厦
22:曙光大厦
23:科技园公交总站
","1:科技园公交总站
2:曙光大厦
3:中科大厦
4:创维大厦
5:高新公寓
6:高新公寓南
7:百度国际大厦
8:软件产业基地
9:后海立交
10:海雅百货
11:亿利达大厦
12:南园村东
13:城市山林西
14:南山党校
15:太子山庄
16:前海沿湖路口
17:青青世界
18:深大附中
19:南山花园
20:前海兴海路口
21:月亮湾花园
",深圳高峰专线10公交车路线,深圳高峰专线10公交车路线(科技园公交总站—月亮湾花园),高峰专线
运行时间：沙井街道办07:15 |南浦花园18:30,深圳市西部公共汽车有限公司,最后更新：2018-12-14,票价信息：冷巴2元,深圳高峰专线178公交车路线(沙井街道办—南浦花园),"1:沙井街道办
2:壆岗大厦
3:佳华天桥
4:上星村委
5:沙井中心客运北
6:黄埔酒店
7:黄埔村委
8:南浦花园
","1:南浦花园
2:黄埔村委
3:上南路口
4:黄埔酒店
5:新桥乐安居
6:上星村委
7:佳华天桥
8:壆岗大厦
9:沙井街道办
",深圳高峰专线178公交车路线,深圳高峰专线178公交车路线(南浦花园—沙井街道办),高峰专线
运行时间：下石家总站06:55 11:15 13:10 16:15 |马山头学校07:40 12:00 13:50 17:00,深圳市西部公共汽车有限公司,最后更新：2018-12-14,票价信息：冷巴2元,深圳高峰专线177公交车路线(下石家—马山头学校),"1:下石家总站
2:光明峰荟
3:锦鸿花园
4:中粮云景
5:马山头学校
","1:马山头学校
2:中粮云景
3:锦鸿花园
4:光明峰荟
5:下石家总站
",深圳高峰专线177公交车路线,深圳高峰专线177公交车路线(马山头学校—下石家),高峰专线
运行时间：下石家总站--下石家总站06:45 17:00,深圳市西部公共汽车有限公司,最后更新：2018-12-14,票价信息：冷巴2元,深圳高峰专线176公交车路线(下石家—下石家),"1:下石家总站
2:锦鸿花园
3:光明峰荟
4:光明实验学校
5:下石家总站
","1:下石家总站
2:光明实验学校
3:锦鸿花园
4:光明峰荟
5:下石家总站
",深圳高峰专线176公交车路线,深圳高峰专线176公交车路线(下石家—下石家),高峰专线
运行时间：观澜大富工业区06:30 07:00 |壹城中心第九区公交总站18:00 18:30,深圳市西部公共汽车有限公司,最后更新：2018-12-14,票价信息：冷巴2.5元,深圳高峰专线171公交车路线(观澜大富工业区—壹城中心第九区公交总站),"1:观澜大富工业区
2:星源宿舍
3:章阁市场
4:深雅五金塑料厂
5:塘前村
6:勋力公司
7:福城街道办
8:吉岭新村
9:深圳二外天桥
10:深圳第二外国语学校
11:大水坑社康中心
12:九龙山
13:河背工业区
14:三联村委
15:新城市花园
16:景乐市场
17:弓村
18:山咀头
19:华富市场
20:壹城中心第九区公交总站
","1:壹城中心第九区公交总站
2:电信大厦
3:华富市场
4:弓村
5:景乐市场
6:新城市花园
7:三联村委
8:河背工业区
9:龙澜茜坑天桥
10:九龙山
11:大水坑社康中心
12:深圳第二外国语学校
13:深圳二外天桥
14:吉岭新村
15:勋力公司
16:塘前村
17:深雅五金塑料厂
18:章阁市场
19:星源宿舍
20:观澜大富工业区
",深圳高峰专线171公交车路线,深圳高峰专线171公交车路线(壹城中心第九区公交总站—观澜大富工业区),高峰专线
运行时间：龙华总站06:30-08:00 |长凤路总站17:30-19:00,深圳市西部公共汽车有限公司,最后更新：2018-12-14,票价信息：冷巴2.5元,深圳高峰专线170公交车路线(龙华总站—长凤路总站),"1:龙华总站
2:龙华汽车站西
3:美丽365花园
4:龙华文化广场
5:瓦窑排
6:松和小学
7:风和日丽北
8:华富市场
9:龙华街道办
10:牛地埔
11:大浪石观工业区
12:羊台山
13:上横朗
14:长城工业区
15:万联商场
16:石岩汽车站
17:玉律
18:科士达
19:长凤路总站
","1:长凤路总站
2:科士达
3:玉律
4:石岩汽车站
5:万联商场
6:长城工业区
7:上横朗
8:羊台山
9:大浪石观工业区
10:牛地埔
11:龙华街道办
12:华富市场
13:风和日丽北
14:松和小学
15:瓦窑排
16:龙华文化广场
17:美丽365花园
18:龙华汽车站西
19:龙华总站
",深圳高峰专线170公交车路线,深圳高峰专线170公交车路线(长凤路总站—龙华总站),高峰专线
运行时间：锦绣观园公交总站06:45 |观澜二中18:00,深圳市西部公共汽车有限公司,最后更新：2018-12-14,票价信息：冷巴2元,深圳高峰专线173公交车路线(锦绣观园公交总站—观澜二中),"1:锦绣观园公交总站
2:观澜二中
","1:观澜二中
2:锦绣观园公交总站
",深圳高峰专线173公交车路线,深圳高峰专线173公交车路线(观澜二中—锦绣观园公交总站),高峰专线
运行时间：松岗山门工业区场站06:30-07:50 14:20-15:40 |深圳东站东广场09:50-11:10 17:30-18:50,深圳市东部公共交通有限公司,最后更新：2018-12-14,票价信息：冷巴上车2元，分段收费，全程6元,深圳高峰专线169公交车路线(松岗山门工业区场站—深圳东站东广场),"1:松岗山门工业区场站
2:埃迪蒙托
3:公明行政执法队
4:公明老街
5:公明派出所
6:宏发上域
7:新湖派出所
8:中泰工业园
9:圳美市场
10:圳美路口
11:中大附七换乘站
12:光晟厂
13:第二职业技术学校
14:勒堡工业园
15:农业科技园
16:光明供电所
17:光明中心站
18:东周小学
19:光明交通局
20:光明大道换乘站
21:上横朗
22:谭罗村
23:龙华交管所
24:国泰家私城
25:万众城家居广场
","26:梅花山庄
27:大发埔油站
28:坂田地铁站
29:杨美地铁站
30:丽湖花园
31:布吉汽车站
32:东方半岛
33:木棉湾地铁站(2)
34:龙珠花园(2)
35:深圳东站东广场
",深圳高峰专线169公交车路线,深圳高峰专线169公交车路线(深圳东站东广场—松岗山门工业区场站),高峰专线
运行时间：公明中心换乘站--中大附七06:50 07:00,深圳市西部公共汽车有限公司,最后更新：2018-12-14,票价信息：冷巴2元,深圳高峰专线168公交车路线(公明中心换乘站—中大附七),"1:公明中心换乘站
2:雍景城西
3:宏发上域
4:新湖派出所
5:楼村小学
6:圳美市场
7:圳美路口
8:中大附七
",,深圳高峰专线168公交车路线,,高峰专线
运行时间：石岩综合场站06:30-07:30 |科技生态园公交总站17:30-18:30,深圳巴士集团股份有限公司,最后更新：2018-12-14,票价信息：冷巴2元,深圳高峰专线165公交车路线(石岩综合场站—科技生态园公交总站),"1:石岩综合场站
2:石岩汽车站
3:河滨花园
4:浪心村委
5:罗租社区
6:一电科技(1)
7:创维天桥
8:应人石路口
9:南岗工业区
10:白芒村
11:直升机场
12:豪方现代豪园
13:研祥科技大厦
14:深大北门(1)
15:科技园(1)
16:高新园地铁站
17:高新公寓
18:科技生态园公交总站
","1:科技生态园公交总站
2:高新公寓
3:大冲
4:科技园(1)
5:深大北门(1)
6:研祥科技大厦
7:豪方现代豪园
8:直升机场
9:白芒村
10:南岗工业区
11:应人石路口
12:创维天桥
13:一电科技(1)
14:罗租社区
15:浪心村委
16:河滨花园
17:石岩汽车站
18:石岩综合场站
",深圳高峰专线165公交车路线,深圳高峰专线165公交车路线(科技生态园公交总站—石岩综合场站),高峰专线
运行时间：光谷苑07:50 |田寮总站18:25,深圳市西部公共汽车有限公司,最后更新：2018-12-14,票价信息：冷巴2元,深圳高峰专线167公交车路线(光谷苑—田寮总站),"1:光谷苑
2:华星光电
3:东长路口
4:甲子塘路口
5:恒海工业园
6:塘尾羽毛球馆
7:明湖公园
8:宏发高新产业园
9:田寮工业区
10:田寮总站
","1:田寮总站
2:宏发高新产业园
3:明湖公园
4:塘尾羽毛球馆
5:恒海工业园
6:甲子塘路口
7:东长路口
8:华星光电
9:光谷苑
",深圳高峰专线167公交车路线,深圳高峰专线167公交车路线(田寮总站—光谷苑),高峰专线
运行时间：石岩羊台苑06:30-07:30 |侨香深云路口18:00-19:00,深圳巴士集团股份有限公司,最后更新：2018-12-14,票价信息：冷巴2元,深圳高峰专线166公交车路线(石岩羊台苑—侨香香山西路口),"1:石岩羊台苑
2:石岩文化中心
3:石岩公学西
4:石岩南康百货
5:万联商场
6:河滨花园
7:浪心村委
8:罗租社区
9:一电科技
10:创维天桥
11:应人石路口
12:南岗工业区
13:白芒村
14:九祥岭(2)
15:西丽法庭(1)
16:龙辉花园(2)
17:桃源村
18:桃源村东
19:沙河建工村
20:天鹅堡
21:侨香香山西路口
","1:侨香深云路口
2:沙河建工村
3:桃源村东
4:桃源村
5:龙辉花园(2)
6:西丽法庭(1)
7:九祥岭(2)
8:白芒村
9:南岗工业区
10:应人石路口
11:创维天桥
12:一电科技
13:罗租社区
14:浪心村委
15:河滨花园
16:万联商场
17:石岩南康百货
18:石岩文化中心
19:石岩羊台苑
",深圳高峰专线166公交车路线,深圳高峰专线166公交车路线(侨香深云路口—石岩羊台苑),高峰专线
运行时间：坪地汽车站--坪地汽车站07:50 18:00,深圳市东部公共交通有限公司,最后更新：2018-12-14,票价信息：冷巴2元,深圳高峰专线160公交车路线(坪地汽车站—坪地汽车站),"1:坪地汽车站
2:中海康城国际
3:嘉欣园
4:奥林华府
5:公园大地
6:龙城中学
7:新亚洲花园
8:欧景城
9:龙岗妇幼保健院
10:中南人防加油站
11:坪地街道办
12:坪地汽车站
",,深圳高峰专线160公交车路线,,高峰专线
运行时间：沙井地铁站08:20 |汇聚新桥107创智园18:20,深圳市西部公共汽车有限公司,最后更新：2018-12-14,票价信息：冷巴2元,深圳高峰专线159公交车路线(沙井地铁站—汇聚新桥107创智园),"1:沙井地铁站
2:汇聚新桥107创智园
","1:汇聚新桥107创智园
2:沙井地铁站
",深圳高峰专线159公交车路线,深圳高峰专线159公交车路线(汇聚新桥107创智园—沙井地铁站),高峰专线
运行时间：坪洲地铁站07:50 08:00 08:10 |科技园公交总站18:00 18:30,深圳市西部公共汽车有限公司,最后更新：2018-12-14,票价信息：冷巴2元,深圳高峰专线158公交车路线(坪洲地铁站—科技园公交总站),"1:坪洲地铁站
2:科技园(2)
3:科技园公交总站
","1:科技园公交总站
2:科技园(2)
3:坪洲地铁站
",深圳高峰专线158公交车路线,深圳高峰专线158公交车路线(科技园公交总站—坪洲地铁站),高峰专线
运行时间：白花广场东06:45 07:00 |光明外国语学校16:50 17:15 17:35,深圳市西部公共汽车有限公司,最后更新：2018-12-14,票价信息：冷巴2元,深圳高峰专线163公交车路线(白花广场东—光明外国语学校),"1:白花广场东
2:富民花园
3:富民广场
4:白花
5:展辰涂料
6:联大工业园
7:光明外国语学校
","1:光明外国语学校
2:联大工业园
3:展辰涂料
4:白花
5:富民广场
6:富民花园
7:白花广场东
",深圳高峰专线163公交车路线,深圳高峰专线163公交车路线(光明外国语学校—白花广场东),高峰专线
运行时间：传麒山07:15 11:40 13:40 16:30 17:05 |光明外国语学校07:30 12:00 14:00 16:50 17:20,深圳市西部公共汽车有限公司,最后更新：2018-12-14,票价信息：冷巴2元,深圳高峰专线162公交车路线(传麒山—光明外国语学校),"1:传麒山
2:光明外国语学校
","1:光明外国语学校
2:传麒山
",深圳高峰专线162公交车路线,深圳高峰专线162公交车路线(光明外国语学校—传麒山),高峰专线
运行时间：坪地汽车站--坪地汽车站07:30 18:00,深圳市东部公共交通有限公司,最后更新：2018-12-14,票价信息：冷巴2元,深圳高峰专线161公交车路线(坪地汽车站—坪地汽车站),"1:坪地汽车站
2:华业玫瑰郡
3:回龙埔
4:君悦龙庭
5:和兴花园
6:龙岗妇儿中心
7:龙城小学
8:清林小学
9:中央悦城
10:坪地街道办
11:坪地汽车站
",,深圳高峰专线161公交车路线,,高峰专线
运行时间：前海湾花园07:00-08:30 17:00-23:00 |前海湾地铁站07:00-08:30 17:00-23:00,深圳巴士集团股份有限公司,最后更新：2018-12-14,票价信息：冷巴2元,深圳高峰专线157公交车路线(前海湾花园—前海湾地铁站),"1:前海湾花园
2:十二号路
3:前海管理局西
4:企业公馆
5:周大福西
6:前海时代
7:卓越壹号
8:前海湾地铁站
","1:前海湾地铁站
2:卓越壹号
3:前海时代
4:周大福西
5:企业公馆
6:前海管理局西
7:十二号路
8:前海湾花园
",深圳高峰专线157公交车路线,深圳高峰专线157公交车路线(前海湾地铁站—前海湾花园),高峰专线
运行时间：前海湾花园07:00-08:30 17:00-23:00 |鲤鱼门地铁站07:00-08:30 17:00-23:00,深圳巴士集团股份有限公司,最后更新：2018-12-14,票价信息：冷巴2元,深圳高峰专线156公交车路线(前海湾花园—鲤鱼门地铁站),"1:前海湾花园
2:十二号路
3:前海管理局西
4:企业公馆
5:周大福西
6:前海时代
7:卓越壹号
8:鲤鱼门地铁站
","1:鲤鱼门地铁站
2:卓越壹号
3:前海时代
4:周大福西
5:企业公馆
6:前海管理局西
7:十二号路
8:前海湾花园
",深圳高峰专线156公交车路线,深圳高峰专线156公交车路线(鲤鱼门地铁站—前海湾花园),高峰专线
运行时间：泰华梧桐岛--泰华梧桐岛08:20-08:50 18:10-18:40,深圳市西部公共汽车有限公司,最后更新：2018-12-14,票价信息：冷巴2元,深圳高峰专线153公交车路线(泰华梧桐岛—泰华梧桐岛),"1:泰华梧桐岛
2:固戍地铁站
3:泰华梧桐岛
",,深圳高峰专线153公交车路线,,高峰专线
运行时间：洞背村06:55 12:30 17:45 19:30 |坝光新村07:30 13:05 18:25 20:10,深圳市东部公共交通有限公司,最后更新：2018-12-14,票价信息：冷巴2元,深圳高峰专线152公交车路线(洞背—坝光新村),"1:洞背村
2:溪涌市场
3:葵涌中学
4:葵涌中心
5:人大附中九年部
6:坝光新村
","1:坝光新村
2:人大附中九年部
3:葵涌中心
4:葵涌中学
5:溪涌市场
6:洞背村
",深圳高峰专线152公交车路线,深圳高峰专线152公交车路线(坝光新村—洞背),高峰专线
运行时间：高力特16:00-18:10 |深圳科学高中西16:35-17:15,深圳市东部公共交通有限公司,最后更新：2018-12-14,票价信息：冷巴2元,深圳高峰专线151公交车路线(高力特—深圳科学高中西),"1:高力特
2:深圳科学高中西
","1:深圳科学高中西
2:高力特
",深圳高峰专线151公交车路线,深圳高峰专线151公交车路线(深圳科学高中西—高力特),高峰专线
运行时间：易瑞生物07:45 08:00 |新安67区安顺达场站18:30,深圳市西部公共汽车有限公司,最后更新：2018-12-14,票价信息：冷巴2元,深圳高峰专线155公交车路线(易瑞生物—新安67区安顺达场站),"1:易瑞生物
2:留仙一路
3:新安67区安顺达场站
","1:新安67区安顺达场站
2:留仙一路
3:易瑞生物
",深圳高峰专线155公交车路线,深圳高峰专线155公交车路线(新安67区安顺达场站—易瑞生物),高峰专线
运行时间：阳光科创公交总站07:00 09:30 11:00 19:00 20:00 |中海锦城花园公交总站07:00 09:30 11:00 19:00 20:00,深圳巴士集团股份有限公司,最后更新：2018-12-14,票价信息：冷巴2.5元,深圳高峰专线150公交车路线(阳光科创公交总站—中海锦城花园公交总站),"1:阳光科创公交总站
2:南山村北
3:南园村东
4:城市山林西
5:南山党校
6:南山村西
7:鼎太风华
8:向南村
9:向南东村
10:荔园大厦
11:后海立交
12:软件产业基地
13:百度国际大厦
14:深港产学研基地
15:高科技中心
16:大冲
17:北环龙井天桥
18:高发科技园
19:塘朗山隧道路口
20:塘朗车辆段北
21:塘朗地铁站
22:南山智园
23:留仙学苑路口
24:长岭陂地铁站
25:龙华绿廊公园
","26:高级中学北校区
27:南源新村
28:水榭春天
29:人民路口
30:人民路口北
31:上芬小学
32:上芬小学新校区
33:中海锦城花园公交总站
",深圳高峰专线150公交车路线,深圳高峰专线150公交车路线(中海锦城花园公交总站—阳光科创公交总站),高峰专线
运行时间：松岗地铁站07:30 |劲嘉松岗工业园17:45,深圳市西部公共汽车有限公司,最后更新：2018-12-14,票价信息：冷巴2元,深圳高峰专线154公交车路线(松岗地铁—劲嘉松岗工业园),"1:松岗地铁站
2:劲嘉松岗工业园
","1:劲嘉松岗工业园
2:松岗地铁站
",深圳高峰专线154公交车路线,深圳高峰专线154公交车路线(劲嘉松岗工业园—松岗地铁),高峰专线
运行时间：清湖地铁站07:00 07:30 17:30-18:00 |深圳北站07:40 08:20 18:10 18:50,深圳市西湖运输有限公司,最后更新：2018-12-14,票价信息：冷巴2元,深圳高峰专线149公交车路线(清湖地铁站—深圳北站),"1:清湖地铁站
2:大润发
3:金侨花园
4:华侨苑
5:电信大厦
6:风和日丽北
7:金地梅陇镇
8:民兴路口
9:深圳北站交通枢纽公交场站
","1:深圳北站交通枢纽公交场站
2:樟坑
3:民兴路口
4:金地梅陇镇
5:风和日丽北
6:龙泉酒店
7:电信大厦
8:华侨苑
9:金侨花园
10:大润发
11:清湖地铁站
",深圳高峰专线149公交车路线,深圳高峰专线149公交车路线(深圳北站—清湖地铁站),高峰专线
运行时间：新和08:00 |大族基地18:15 20:40,深圳市西部公共汽车有限公司,最后更新：2018-12-14,票价信息：冷巴2元,深圳高峰专线148公交车路线(新和—大族基地),"1:新和天桥
2:大族基地
","1:大族基地
2:新和天桥(1)
",深圳高峰专线148公交车路线,深圳高峰专线148公交车路线(大族基地—新和),高峰专线
运行时间：公明马山头总站07:50 |田寮总站17:50,深圳市西部公共汽车有限公司,最后更新：2018-12-14,票价信息：冷巴2元,深圳高峰专线132公交车路线(公明马山头总站—田寮总站),"1:公明马山头总站
2:广雅花园
3:红花山公园
4:雍景城西
5:雍景城东
6:红花山体育中心
7:田寮市场管理科
8:田寮总站
","1:田寮总站
2:田寮市场管理科
3:红花山体育中心
4:雍景城东
5:雍景城西
6:红花山公园
7:广雅花园
8:公明马山头总站
",深圳高峰专线132公交车路线,深圳高峰专线132公交车路线(田寮总站—公明马山头总站),高峰专线
运行时间：宝龙清风总站-宝龙清风总站06:30-08:00 15:00-18:00,深圳市东部公共交通有限公司,最后更新：2018-12-14,票价信息：冷巴2元,深圳高峰专线136公交车路线(宝龙清风总站—宝龙清风总站),"1:宝龙清风总站
2:宝龙外国语学校
3:五洲龙
4:宝龙加油站
5:金地名峰
6:振业峦山谷
7:宝荷沙荷路口
8:比亚迪学校
9:五洲龙
10:宝龙外国语学校
11:宝龙清风总站
",,深圳高峰专线136公交车路线,,高峰专线
运行时间：石岩汽车站07:00 07:30 |有信厂18:10 20:30,深圳市西部公共汽车有限公司,最后更新：2018-12-14,票价信息：冷巴2元,深圳高峰专线144公交车路线(石岩汽车站—有信厂),"1:石岩汽车站
2:官田星城
3:崇基工业区
4:新时代工业区
5:石岩交警中队
6:石岩园岭村
7:田心工业
8:上排村口
9:石岩同富裕工业区
10:石岩执法大队
11:有信厂
","1:有信厂
2:石岩执法大队
3:石岩同富裕工业区
4:上排村口
5:田心工业
6:石岩园岭村
7:石岩交警中队
8:新时代工业区
9:崇基工业区
10:官田星城
11:石岩汽车站
",深圳高峰专线144公交车路线,深圳高峰专线144公交车路线(有信厂—石岩汽车站),高峰专线
运行时间：松岗地铁站07:30 |三诺厂18:00,深圳市西部公共汽车有限公司,最后更新：2018-12-14,票价信息：冷巴2元,深圳高峰专线142公交车路线(松岗地铁—三诺厂),"1:松岗地铁站
2:三诺厂
","1:三诺厂
2:松岗地铁站
",深圳高峰专线142公交车路线,深圳高峰专线142公交车路线(三诺厂—松岗地铁),高峰专线
运行时间：石岩公学西07:30 08:30 |石龙仔场站17:40 18:10,深圳市西部公共汽车有限公司,最后更新：2018-12-14,票价信息：冷巴1元,深圳高峰专线145公交车路线(石岩公学西—石龙仔场站),"1:石岩公学西
2:石岩南康百货
3:长城工业区
4:水田社区
5:捷家宝大门
6:捷家宝总站
7:惠科正门
8:惠科工业园
9:久裕厂
10:石龙仔场站
","1:石龙仔场站
2:久裕厂
3:惠科工业园
4:惠科正门
5:捷家宝总站
6:捷家宝大门
7:水田社区
8:长城工业区
9:石岩南康百货
10:石岩公学西
",深圳高峰专线145公交车路线,深圳高峰专线145公交车路线(石龙仔场站—石岩公学西),高峰专线
运行时间：深圳北动车运用所员工宿舍05:30 08:15 13:20 |深圳北站11:00 15:30 22:30,深圳市西部公共汽车有限公司,最后更新：2018-12-14,票价信息：冷巴2元,深圳高峰专线137公交车路线(深圳北动车运用所员工宿舍—深圳北站),"1:深圳北动车运用所员工宿舍
2:深圳北站交通枢纽公交场站
","1:深圳北站交通枢纽公交场站
2:深圳北动车运用所员工宿舍
",深圳高峰专线137公交车路线,深圳高峰专线137公交车路线(深圳北站—深圳北动车运用所员工宿舍),高峰专线
运行时间：强荣东总站06:50-08:00 |深圳湾口岸公交总站17:30-18:40,深圳巴士集团股份有限公司,最后更新：2018-12-14,票价信息：冷巴2元,深圳高峰专线138公交车路线(强荣东总站—深圳湾口岸),"1:强荣东总站
2:恒丰工业城
3:鹤洲桥底
4:宝安桃源居
5:西乡城管办
6:宝安客运中心
7:丽景城
8:富盈门
9:安华工业区
10:诺铂广场
11:公园路西一巷
12:宝安税务局
13:灵芝园新村
14:新安公园
15:教科培训中心
16:南山供电局
17:前进同安路口
18:研祥科技大厦
19:深大北门(1)
20:高科技中心
21:深港产学研基地
22:百度国际大厦
23:软件产业基地
24:学府中学
25:保利剧院
","26:后海滨登良路口
27:登良地铁站
28:后海滨路口
29:深圳湾口岸公交总站
",深圳高峰专线138公交车路线,深圳高峰专线138公交车路线(深圳湾口岸—强荣东总站),高峰专线
运行时间：西乡恒生医院07:30 07:45 |中兴通讯宿舍18:00 18:15,深圳市西部公共汽车有限公司,最后更新：2018-12-14,票价信息：冷巴2元,深圳高峰专线131公交车路线(西乡恒生医院—中兴通讯宿舍),"1:西乡恒生医院
2:恒生医院
3:碧海湾地铁站
4:泰华阳光海
5:碧海湾地铁站(1)
6:圣淘沙
7:西乡盐田大门
8:同仁妇科医院
9:西乡步行街
10:西乡径贝村
11:流塘旧村
12:安华工业区
13:诺铂广场
14:公园路西一巷
15:宝安税务局
16:灵芝园新村
17:新安公园
18:教科培训中心
19:南山供电局
20:南山农批市场
21:中山园
22:同乐学校
23:同乐村
24:TCL国际E城
25:第二高级中学
","26:中兴人才公寓
27:中兴通讯宿舍
",深圳高峰专线131公交车路线,深圳高峰专线131公交车路线(中兴通讯宿舍—西乡恒生医院),高峰专线
运行时间：罗田路公交总站07:20 07:50 |松坪山总站17:40 18:20,深圳巴士集团股份有限公司,最后更新：2018-12-14,票价信息：冷巴2.5元,深圳高峰专线122公交车路线(罗田路公交总站—松坪山总站),"1:罗田路公交总站
2:海韵学校南门
3:新安中学高中部北
4:宝安机关幼儿园
5:宝安体育馆
6:宝安赛格
7:金成名苑
8:西城上筑
9:甲岸路口
10:中商花园
11:宝安实验学校
12:星海名城
13:大新小学
14:大新地铁站
15:桃园南新路口
16:市六医院
17:南航公司
18:荔园大厦
19:后海立交
20:滨海之窗
21:卓越后海中心
22:科苑地铁站
23:深港产学研基地
24:高科技中心
25:深南科苑立交北
","26:科苑北
27:科苑北环立交
28:孙逸仙心血管医院
29:朗山路中
30:松坪山路口
31:松坪山总站
",深圳高峰专线122公交车路线,深圳高峰专线122公交车路线(松坪山总站—罗田路公交总站),高峰专线
运行时间：深大西丽宿舍楼07:00-18:40 |桂庙新村07:30-19:10,深圳巴士集团股份有限公司,最后更新：2018-12-14,票价信息：冷巴2元,深圳高峰专线128公交车路线(深大西丽宿舍楼—桂庙新村),"1:深大西丽宿舍楼
2:塘朗村口
3:丽水路南
4:大冲
5:科技园(2)
6:深大北门(2)
7:高科技中心
8:深港产学研基地
9:白石科苑路口
10:粤海门村
11:深大南区运动场
12:桂庙村口
13:桂庙站
14:桂庙新村
","1:桂庙新村
2:深圳大学
3:深大北门(2)
4:科技园(2)
5:大冲
6:塘朗山隧道路口
7:丽水路南
8:塘朗村口
9:深大西丽宿舍楼
",深圳高峰专线128公交车路线,深圳高峰专线128公交车路线(桂庙新村—深大西丽宿舍楼),高峰专线
运行时间：怡亚通07:00 09:30 10:30 11:30 13:00 15:00 16:00 17:00 19:30 20:30 |深圳东站（即时折返）,深圳市东部公共交通有限公司,最后更新：2018-12-14,票价信息：冷巴2元,深圳高峰专线124公交车路线(怡亚通—深圳东站东广场),"1:怡亚通
2:万国食品城总站
3:左右家私
4:李朗国际珠宝园
5:第三人民医院
6:联创科技园
7:布吉交警中队
8:尚峰花园
9:布澜路口
10:大芬地铁站(1)
11:木棉湾地铁站(1)
12:深圳东站东广场
","1:深圳东站东广场
2:木棉湾地铁站(1)
3:大芬地铁站(1)
4:布澜路口
5:尚峰花园
6:布吉交警中队
7:联创科技园
8:第三人民医院
9:李朗国际珠宝园
10:左右家私
11:万国食品城总站
12:怡亚通
",深圳高峰专线124公交车路线,深圳高峰专线124公交车路线(深圳东站东广场—怡亚通),高峰专线
运行时间：天安云谷07:00-08:20 17:50-20:30 |华为荔枝园07:20-08:50 18:05-20:45,深圳市东部公共交通有限公司,最后更新：2018-12-14,票价信息：冷巴2元,深圳高峰专线130公交车路线(天安云谷—华为荔枝园),"1:天安云谷
2:华为荔枝园
","1:华为荔枝园
2:天安云谷
",深圳高峰专线130公交车路线,深圳高峰专线130公交车路线(华为荔枝园—天安云谷),高峰专线
运行时间：华为基地07:00-08:30 17:50-20:50 |华为荔枝园07:20-08:50 18:10-21:10,深圳市西部公共汽车有限公司,最后更新：2018-12-14,票价信息：冷巴2元,深圳高峰专线129公交车路线(华为基地—华为荔枝园),"1:华为基地
2:华电
3:华为软件中心
4:华为荔枝园
","1:华为荔枝园
2:华为软件中心
3:华为基地
",深圳高峰专线129公交车路线,深圳高峰专线129公交车路线(华为荔枝园—华为基地),高峰专线
运行时间：光谷苑07:05 13:20 |长圳总站12:00 17:00,深圳市西部公共汽车有限公司,最后更新：2018-12-14,票价信息：冷巴2元,深圳高峰专线127公交车路线(光谷苑—长圳总站),"1:光谷苑
2:塘家治安亭
3:塘家村委
4:塘家第一工业区
5:长圳公园
6:长圳总站
","1:长圳总站
2:长圳公园
3:塘家第一工业区
4:塘家村委
5:塘家治安亭
6:光谷苑
",深圳高峰专线127公交车路线,深圳高峰专线127公交车路线(长圳总站—光谷苑),高峰专线
运行时间：万科第五园总站07:00 07:30 08:30 |听泉居总站17:30 18:00 19:00,深圳巴士集团股份有限公司,最后更新：2018-12-14,票价信息：冷巴3元,深圳高峰专线123公交车路线(万科五园公交总站—听泉居总站),"1:万科五园公交总站
2:光雅园路口
3:坂田石化新村
4:南坑村
5:星光之约(2)
6:星河WORLD
7:万家灯火
8:滢水山庄(2)
9:新彩隧道口
10:中级法院
11:关山月美术馆(1)
12:中心书城北
13:莲花山公园(1)
14:华强职校
15:特区报社(2)
16:深南香蜜立交
17:深航大厦
18:听泉居总站
","1:听泉居总站
2:深航大厦
3:深南香蜜立交
4:特区报社(2)
5:华强职校
6:莲花山公园
7:中心书城北
8:关山月美术馆(1)
9:中级法院
10:新彩隧道口
11:滢水山庄(2)
12:万家灯火
13:星河WORLD
14:星光之约(2)
15:家和花园
16:雅园路口
17:万科五园公交总站
",深圳高峰专线123公交车路线,深圳高峰专线123公交车路线(听泉居总站—万科五园公交总站),高峰专线
运行时间：深圳北站东广场07:20-08:30 |深圳湾口岸17:20-18:50,深圳巴士集团股份有限公司,最后更新：2018-12-14,票价信息：冷巴2元,深圳高峰专线120公交车路线(深圳北站东广场—深圳湾口岸),"1:深圳北站东广场
2:塘朗地铁站
3:塘朗车辆段北
4:塘朗山隧道路口
5:北环铜鼓天桥
6:清华信息港
7:科苑立交南
8:科苑北
9:深南科苑立交北
10:中兴通讯
11:高新公寓
12:科技南路
13:科苑南路口
14:深圳湾口岸公交总站
","1:深圳湾口岸公交总站
2:科苑南路口
3:科技南路
4:高新公寓
5:中兴通讯
6:深南科苑立交北
7:科苑北
8:清华信息港
9:北环铜鼓天桥
10:塘朗山隧道路口
11:塘朗车辆段北
12:塘朗地铁站
13:深圳北站交通枢纽公交场站
",深圳高峰专线120公交车路线,深圳高峰专线120公交车路线(深圳湾口岸—深圳北站),高峰专线
运行时间：民治民塘路总站07:10-08:20 |群星广场总站17:20-18:50,深圳巴士集团股份有限公司,最后更新：2018-12-14,票价信息：冷巴2元,深圳高峰专线119公交车路线(民治民塘路总站—群星广场总站),"1:民治民塘路总站
2:高级中学北校区
3:南贤广场
4:东泉新村
5:铁路桥
6:彩悦大厦
7:塘朗地铁站
8:塘朗车辆段北
9:塘朗山隧道路口
10:沙河建工村
11:华侨城医院
12:警校
13:竹子林(1)
14:深航大厦
15:招商银行大厦(1)
16:深南香蜜立交
17:特区报社(1)
18:投资大厦
19:岗厦北地铁站(1)
20:上海宾馆西
21:群星广场总站
","1:群星广场总站
2:华强路口
3:上海宾馆西
4:岗厦北地铁站(1)
5:广电大厦
6:特区报社(1)
7:深南香蜜立交
8:招商银行大厦(1)
9:深航大厦
10:竹子林(1)
11:警校
12:华侨城医院
13:沙河建工村
14:塘朗山隧道路口
15:塘朗车辆段北
16:塘朗地铁站
17:龙华绿廊公园
18:民治民塘路总站
",深圳高峰专线119公交车路线,深圳高峰专线119公交车路线(群星广场总站—民治民塘路总站),高峰专线
运行时间：红湖工业区07:05 07:15 |华强创意园首末站16:50 17:05,深圳市西部公共汽车有限公司,最后更新：2018-12-14,票价信息：冷巴2元,深圳高峰专线113公交车路线(红湖工业区—华强创意园首末站),"1:红湖工业区
2:光明书院
3:光明书院路口
4:新陂头市场
5:新陂头路口
6:圳美路口
7:石介头市场
8:同富裕工业园
9:中大附七换乘站
10:光晟厂
11:第二职业技术学校
12:新健兴科技工业园
13:光明办事处
14:光明供电所
15:碧眼社康
16:碧眼村口
17:光明中心医院
18:光明交通局
19:光明大道换乘站
20:光明区政府南
21:光明艺术中心
22:光明大第
23:光明会展中心
24:华强创意产业园
25:华强创意园首末站
","1:华强创意园首末站
2:华强创意产业园
3:光明会展中心
4:光明大第
5:光明艺术中心
6:光明区政府南
7:光明大道换乘站
8:光明交通局
9:美景花园
10:光明中心医院
11:碧眼村口
12:碧眼社康
13:光明供电所
14:光明办事处
15:新健兴科技工业园
16:第二职业技术学校
17:光晟厂
18:中大附七换乘站
19:同富裕工业园
20:石介头市场
21:圳美路口
22:新陂头路口
23:新陂头市场
24:光明书院路口
25:光明书院
",深圳高峰专线113公交车路线,深圳高峰专线113公交车路线(华强创意园首末站—红湖工业区),高峰专线
运行时间：石岩街道办07:00-07:30 |兴东地铁站17:50 18:20,深圳市西部公共汽车有限公司,最后更新：2018-12-14,票价信息：冷巴2元,深圳高峰专线107公交车路线(石岩街道办—兴东地铁站),"1:石岩街道办
2:河滨花园
3:石岩计生中心
4:石岩物流园
5:欧陆集团
6:宏发工业区
7:塘头社区
8:塘头又一村
9:塘头新村
10:一电科技(1)
11:创维天桥
12:笔架山石场
13:谷峰石材厂
14:宝安笔架山
15:牛城村
16:大兴果场
17:宝安国防基地
18:石围
19:宝石路口
20:金威啤酒厂
21:兴东地铁站
","1:兴东地铁站
2:金威啤酒厂
3:石围
4:宝安国防基地
5:大兴果场
6:牛城村
7:宝安笔架山
8:谷峰石材厂
9:笔架山石场
10:创维天桥
11:塘头新村
12:塘头又一村
13:塘头社区
14:宏发工业区
15:欧陆集团
16:石岩物流园
17:石岩计生中心
18:河滨花园
19:石岩街道办
",深圳高峰专线107公交车路线,深圳高峰专线107公交车路线(兴东地铁站—石岩街道办),高峰专线
运行时间：平湖任屋村总站07:00-08:00 |深圳书城18:10-19:10,深圳巴士集团股份有限公司,最后更新：2018-12-14,票价信息：冷巴5元,深圳高快巴士97公交车路线(平湖任屋村总站—深圳书城),"1:平湖任屋村总站
2:华南城
3:富民路口
4:平湖中心小学
5:平湖派出所
6:平湖广场西
7:平湖广场
8:平湖凤凰新村
9:御峰园
10:喜年仓库
11:水库新村(1)
12:留医部(2)
13:螺岭
14:罗湖区委
15:京鹏大厦
16:湖贝地铁站
17:门诊部(1)
18:深圳书城
","1:深圳书城
2:门诊部(1)
3:湖贝地铁站
4:京鹏大厦
5:罗湖区委
6:螺岭
7:留医部(2)
8:水库新村
9:水库
10:东湖宾馆
11:雁田收费站
12:喜年仓库
13:御峰园
14:平湖凤凰新村
15:平湖广场
16:平湖广场西
17:平湖派出所
18:平湖中心小学
19:富民路口
20:华南城
21:平湖任屋村总站
",深圳高快巴士97公交车路线,深圳高快巴士97公交车路线(深圳书城—平湖任屋村总站),高峰专线
运行时间：南澳新大总站07:50 16:40 |大鹏新区管委会08:45 17:40,深圳市东部公共交通有限公司,最后更新：2018-12-14,票价信息：冷巴2元,深圳高峰专线99公交车路线(新大总站—大鹏新区管委会),"1:新大总站
2:南澳街道办
3:南澳水产市场
4:水头沙
5:水头市场
6:同富工业区
7:布新社区
8:大鹏第一工业区
9:大鹏文化广场东
10:岭澳新村
11:葵涌中学
12:金葵小区
13:葵涌公园
14:葵涌办事处
15:葵涌奔康西
16:大鹏新区管委会(1)
","1:大鹏新区管委会(1)
2:葵涌奔康西
3:葵涌办事处
4:葵涌公园
5:金葵小区
6:葵涌中学
7:岭澳新村
8:大鹏文化广场东
9:大鹏第一工业区
10:布新社区
11:同富工业区
12:水头市场
13:水头沙
14:南澳水产市场
15:南澳街道办
16:新大总站
",深圳高峰专线99公交车路线,深圳高峰专线99公交车路线(大鹏新区管委会—新大总站),高峰专线
运行时间：石岩南康百货07:00 07:20 |科技生态园公交总站17:40 18:00,深圳市西部公共汽车有限公司,最后更新：2018-12-14,票价信息：冷巴2.5元,深圳高峰专线104公交车路线(石岩南康百货—科技生态园公交总站),"1:石岩南康百货
2:浪心村委
3:石岩计生中心
4:山城工业区
5:台湾工业区
6:一电科技
7:创维天桥
8:应人石路口
9:阳光工业区
10:南岗工业区
11:白芒村
12:荔枝世界
13:报恩福地
14:官龙村
15:深职院
16:九祥岭(2)
17:西丽法庭(1)
18:西丽社区(2)
19:茶光(2)
20:茶光(1)
21:松坪山
22:英伦名苑
23:中科大厦
24:创维大厦
25:中兴通讯
","26:白石科苑路口
27:高新公寓南
28:科技生态园公交总站
",深圳高峰专线104公交车路线,深圳高峰专线104公交车路线(科技生态园公交总站—石岩南康百货),高峰专线
运行时间：宝安客运中心06:30-21:30 |香山里花园公交总站06:50-22:15,深圳市西部公共汽车有限公司,最后更新：2018-12-14,票价信息：冷巴2元,深圳高峰专线102公交车路线(宝安客运中心—香山里花园公交总站),"1:宝安客运中心
2:丽景城
3:富盈门
4:安华工业区
5:诺铂广场
6:公园路西一巷
7:灵芝地铁站
8:宝安交通运输局(1)
9:深南北环立交(3)
10:北环科苑天桥
11:海能达大厦
12:科苑北
13:深南科苑立交北
14:高科技中心
15:深港产学研基地
16:高新公寓南
17:沙河信息园
18:沙河东路口
19:白石洲西
20:香山西街路口
21:香山里花园公交总站
","1:香山里花园公交总站
2:香山西街路口
3:白石洲西
4:沙河东路口
5:世纪村
6:沙河信息园
7:高新公寓南
8:深港产学研基地
9:高科技中心
10:深南科苑立交北
11:科苑北
12:海能达大厦
13:北环科苑天桥
14:深南北环立交(3)
15:宝安交通运输局
16:灵芝地铁站
17:公园路西一巷
18:诺铂广场
19:文汇中学
20:安华工业区
21:富盈门
22:宝安客运中心
",深圳高峰专线102公交车路线,深圳高峰专线102公交车路线(香山里花园公交总站—宝安客运中心),高峰专线
运行时间：金洲花园07:05 07:10 07:15 13:40 |淘金山小区12:20 16:30 16:40 17:00,深圳巴士集团股份有限公司,最后更新：2018-12-14,票价信息：冷巴2元,深圳高峰专线98公交车路线(金洲花园—淘金山小区),"1:金洲花园
2:淘金山小区
","1:淘金山小区
2:金洲花园
",深圳高峰专线98公交车路线,深圳高峰专线98公交车路线(淘金山小区—金洲花园),高峰专线
运行时间：平湖辅城坳总站06:10-19:30 |购物公园总站07:50-21:15,深圳市东部公共交通有限公司,最后更新：2018-12-14,票价信息：冷巴7元,深圳高快巴士95公交车路线(平湖辅城坳总站—购物公园地铁公交接驳站),"1:平湖辅城坳总站
2:融悦山居
3:平湖山厦村
4:山厦新村
5:天华路口
6:南园学校
7:平湖广场西
8:平湖派出所
9:平湖中心小学
10:富民路口
11:华南城交易中心
12:上木古村
13:体育馆东
14:体育馆(2)
15:海外装饰大厦(2)
16:上海宾馆西
17:田面
18:福华新村
19:岗厦地铁站
20:会展中心地铁站
21:卓越时代广场
22:购物公园地铁站
23:购物公园地铁公交接驳站
","1:购物公园地铁公交接驳站
2:购物公园地铁站
3:卓越时代广场
4:会展中心地铁站
5:岗厦地铁站
6:福华新村
7:田面
8:上海宾馆西
9:海外装饰大厦(2)
10:体育馆(2)
11:体育馆东
12:上木古村
13:华南城交易中心
14:华南城
15:富民路口
16:平湖中心小学
17:平湖派出所
18:平湖广场西
19:南园学校
20:天华路口
21:平湖山厦村
22:融悦山居
23:平湖辅城坳总站
",深圳高快巴士95公交车路线,深圳高快巴士95公交车路线(购物公园地铁公交接驳站—平湖辅城坳总站),高峰专线
运行时间：清湖产业园总站06:40-08:40 |科苑南公交总站17:30-19:30,深圳巴士集团股份有限公司,最后更新：2018-12-14,票价信息：冷巴3元,深圳高峰专线94公交车路线(清湖产业园总站—科苑南公交总站),"1:清湖产业园总站
2:清湖老村
3:龙华区办事大厅
4:清龙有轨电车站
5:景龙建设东路天桥
6:文化广场东
7:和丰大厦
8:共和斜岭
9:明珠商务大厦
10:风和日丽
11:民治二小
12:松仔园
13:人民路口
14:水榭春天
15:高级中学北校区
16:龙华绿廊公园
17:长岭陂地铁站
18:南山智园
19:塘朗地铁站
20:塘朗车辆段北
21:塘朗山隧道路口
22:红花岭
23:西丽劳力市场
24:西丽法庭(1)
25:西丽社区(1)
","26:茶光(2)
27:大冲
28:高科技中心
29:深港产学研基地
30:科苑地铁站
31:科苑南公交总站
",深圳高峰专线94公交车路线,深圳高峰专线94公交车路线(科苑南公交总站—清湖产业园总站),高峰专线
运行时间：观澜新田总站06:30-08:30 |南山中心区总站17:30-19:30,深圳巴士集团股份有限公司,最后更新：2018-12-14,票价信息：冷巴3元,深圳高峰专线92公交车路线(观澜新田总站—南山中心区公交总站),"1:观澜新田总站
2:新田路口
3:吉坑村口
4:樟坑径路口
5:樟坑径下围工业园
6:观澜高新园
7:大和工业区
8:中航格澜郡
9:龙华汽车站
10:美丽365花园
11:大润发
12:山咀头
13:龙华地铁站
14:上塘派出所
15:国泰家私城
16:西头居委会
17:上塘村口
18:世纪春城
19:民兴路口
20:东泉新村
21:铁路桥
22:樟坑
23:潜龙花园
24:惠鑫公寓(1)
25:民乐地铁站(3)
","26:北环新洲立交
27:沙河建工村
28:北环铜鼓天桥
29:清华信息港
30:科苑立交南
31:科苑北
32:科发路
33:深南科技立交北
34:创维大厦
35:高新公寓
36:科技南路
37:科苑南路南
38:百度国际大厦
39:软件产业基地
40:海岸城
41:南山中心区公交总站
",深圳高峰专线92公交车路线,深圳高峰专线92公交车路线(南山中心区公交总站—观澜新田总站),高峰专线
运行时间：西丽茶光路总站07:00-08:30 17:00-19:00 |世界之窗地铁接驳站07:30-09:00 17:30-19:30,深圳巴士集团股份有限公司,最后更新：2018-12-14,票价信息：冷巴2.5元,深圳高峰专线93公交车路线(茶光路总站—世界之窗地铁公交接驳站),"1:茶光路总站
2:中兴人才公寓东
3:深职院西校区
4:西丽医院
5:西丽法庭(1)
6:西丽社区(1)
7:茶光(2)
8:茶光(1)
9:松坪村
10:朗山路中
11:孙逸仙心血管医院
12:科苑北环立交(2)
13:科苑立交南
14:科苑北
15:深南科苑立交北
16:高科技中心
17:中兴通讯
18:创维大厦
19:大冲
20:白石洲(3)
21:世界之窗地铁公交接驳站
","1:世界之窗地铁公交接驳站
2:白石洲(3)
3:大冲
4:深南科苑立交北
5:科苑北
6:科苑北环立交
7:孙逸仙心血管医院
8:朗山路中
9:松坪村
10:茶光(1)
11:茶光(2)
12:西丽社区(1)
13:西丽法庭(1)
14:西丽医院
15:深职院西宿舍区
16:中兴人才公寓东
17:茶光路总站
",深圳高峰专线93公交车路线,深圳高峰专线93公交车路线(世界之窗地铁公交接驳站—茶光路总站),高峰专线
运行时间：深圳技师学院12:00-18:00 |大运地铁接驳站15:00-18:00,深圳市东部公共交通有限公司,最后更新：2018-12-14,票价信息：冷巴2元,深圳高峰专线90公交车路线(深圳技师学院—大运地铁公交接驳站),"1:深圳技师学院
2:龙岗中专
3:大运地铁公交接驳站
","1:大运地铁公交接驳站
2:龙岗中专
3:深圳技师学院
",深圳高峰专线90公交车路线,深圳高峰专线90公交车路线(大运地铁公交接驳站—深圳技师学院),高峰专线
运行时间：时尚创意城总站07:00-11:30 16:00-20:30 |民乐地铁公交接驳站07:00-11:30 15:50-20:30,深圳市西部公共汽车有限公司,最后更新：2018-12-14,票价信息：冷巴3元,深圳高峰专线91公交车路线(时尚创意城总站—民乐地铁公交接驳站),"1:时尚创意城总站
2:石龙仔路口
3:浪宁路口
4:浪宁路中
5:浪静路口
6:华荣综合市场
7:新百丽
8:高科工业园
9:惠科正门
10:部九窝
11:龙胜地铁站东
12:简上路口北
13:上芬小学
14:人民路口北
15:人民路口
16:南源新村
17:高级中学北校区
18:深圳北站东广场
19:白石龙幼儿园
20:白石龙地铁站
21:民乐地铁公交接驳站
","1:民乐地铁公交接驳站
2:白石龙地铁站
3:白石龙幼儿园
4:深圳北站东广场
5:高级中学北校区
6:南源新村
7:人民路口
8:人民路口北
9:上芬小学
10:简上路口北
11:龙胜地铁站东
12:部九窝
13:惠科正门
14:高科工业园
15:新百丽
16:华荣综合市场
17:浪静路口
18:浪宁路中
19:浪宁路口
20:石龙仔路口
21:时尚创意城总站
",深圳高峰专线91公交车路线,深圳高峰专线91公交车路线(民乐地铁公交接驳站—时尚创意城总站),高峰专线
运行时间：旗峰科技园07:15-19:35 |丹竹头地铁站07:35-19:55,深圳市东部公共交通有限公司,最后更新：2018-12-14,票价信息：冷巴2元,深圳高峰专线89公交车路线(旗峰科技园—丹竹头地铁站),"1:旗峰科技园
2:白坭坑
3:丹平人行天桥
4:丹竹头社区
5:丹竹头地铁站
","1:丹竹头地铁站
2:丹平社区
3:丹平人行天桥
4:旗峰科技园
",深圳高峰专线89公交车路线,深圳高峰专线89公交车路线(丹竹头地铁站—旗峰科技园),高峰专线
运行时间：龙华文化广场临时公交场站07:00-09:00 18:00-20:00 |宝能科技园07:30-08:30 17:30-21:00,深圳市西部公共汽车有限公司,最后更新：2018-12-14,票价信息：冷巴2元,深圳高峰专线86公交车路线(龙华文化广场临时公交场站—宝能科技园),"1:龙华文化广场临时公交场站
2:清湖地铁站
3:龙华区办事大厅
4:清湖老村
5:富士康北门
6:清吉路口
7:龙华书刊大厦
8:宝能科技园
","1:宝能科技园
2:龙华书刊大厦
3:清吉路口
4:富士康北门
5:清湖老村
6:龙华区办事大厅
7:清湖地铁站
8:龙华文化广场临时公交场站
",深圳高峰专线86公交车路线,深圳高峰专线86公交车路线(宝能科技园—龙华文化广场临时公交场站),高峰专线
运行时间：景芬路口--火车站07:30-09:00,深圳巴士集团股份有限公司,最后更新：2018-12-14,票价信息：冷巴2.5元,深圳高峰专线73公交车路线(景芬路口—火车站),"1:景芬路口
2:布吉慢城
3:来座山
4:尚峰花园
5:国际名城
6:石芽岭公园
7:布龙立交
8:木棉湾地铁站(1)
9:荣超花园(3)
10:螺岭
11:罗湖区委
12:湖贝地铁站
13:金城大厦(2)
14:阳光酒店
15:罗湖小学
16:人民南地铁站
17:火车站
",,深圳高峰专线73公交车路线,,高峰专线
运行时间：桃源村总站-深大北门②07:30-08:40,深圳巴士集团股份有限公司,最后更新：2018-12-14,票价信息：冷巴2元,深圳高峰专线69公交车路线(桃源村总站—深大北门(2)),"1:桃源村总站
2:桃源村
3:鼎胜山邻
4:新屋村
5:龙辉花园(1)
6:珠光村(1)
7:宝珠花园
8:茶光(1)
9:松坪山
10:英伦名苑
11:大冲
12:科技园(2)
13:深大北门(2)
",,深圳高峰专线69公交车路线,,高峰专线
运行时间：观澜锦绣观园公交总站06:20-21:30 |壹城中心花园公交总站07:20-21:15 22:00 22:40,深圳市西部公共汽车有限公司,最后更新：2018-12-14,票价信息：冷巴2.5元,深圳高峰专线80公交车路线(锦绣观园公交总站—壹城中心花园公交总站),"1:锦绣观园公交总站
2:锦绣观园
3:茜坑老围
4:格兰云天酒店
5:文澜苑
6:有轨电车文澜站
7:富士施乐
8:龙华花半里
9:龙华区办事大厅
10:国鸿大厦
11:清湖和平路口
12:清湖地铁站
13:新宝城酒店
14:大润发
15:金侨花园
16:东环一路中
17:集瑞二区
18:壹城中心花园公交总站
","1:壹城中心花园公交总站
2:风和日丽北
3:龙泉酒店
4:电信大厦
5:华侨苑
6:金侨花园
7:山咀头
8:大润发
9:新宝城酒店
10:清湖地铁站
11:清湖和平路口
12:国鸿大厦
13:龙华区办事大厅
14:龙华花半里
15:有轨电车文澜站
16:文澜苑
17:格兰云天酒店
18:茜坑老围
19:锦绣观园公交总站
",深圳高峰专线80公交车路线,深圳高峰专线80公交车路线(壹城中心花园公交总站—锦绣观园公交总站),高峰专线
运行时间：清湖总站07:00-08:00 |会展中心17:30-18:30,深圳巴士集团股份有限公司,最后更新：2018-12-14,票价信息：冷巴5元,深圳高峰专线71公交车路线(清湖总站—会展中心),"1:清湖总站
2:华为总部
3:华电
4:华为软件中心
5:五和路口
6:五和地铁站
7:四季花城(1)
8:星光之约(1)
9:滢水山庄(1)
10:新彩隧道口
11:中级法院
12:武警支队
13:彩福大厦
14:会展中心
","1:会展中心
2:彩福大厦
3:武警支队
4:中级法院
5:新彩隧道口
6:滢水山庄(1)
7:星光之约(1)
8:四季花城
9:五和地铁站
10:五和路口
11:华为软件中心
12:稼先路口
13:华为总部
14:华为高速路口
15:清湖总站
",深圳高峰专线71公交车路线,深圳高峰专线71公交车路线(会展中心—清湖总站),高峰专线
运行时间：万国食品城总站06:00 06:15 06:55 07:15 17:45 17:55 18:15 |深圳东站东广场06:50 07:10 07:50 08:10 18:40 18:50 19:10,深圳市东部公共交通有限公司,最后更新：2018-12-14,票价信息：冷巴2元,深圳高峰专线79公交车路线(万国食品城总站—深圳东站东广场),"1:万国食品城总站
2:左右家私
3:宝福珠宝园(2)
4:182设计园
5:恒特美科技园
6:甘坑新村
7:甘坑客家小镇
8:秀峰工业区
9:秀峰路口
10:丽湖花园
11:上水径
12:下水径
13:大坡头村
14:布吉中学
15:龙岗区第二人民医院
16:布吉街
17:深圳东站东广场
","1:深圳东站东广场
2:布吉街
3:龙岗区第二人民医院
4:布吉中学
5:大坡头村
6:下水径
7:上水径
8:丽湖花园
9:秀峰路口
10:秀峰工业区
11:甘坑客家小镇
12:甘坑新村
13:恒特美科技园
14:上李朗第二工业区
15:左右家私
16:万国食品城总站
",深圳高峰专线79公交车路线,深圳高峰专线79公交车路线(深圳东站东广场—万国食品城总站),高峰专线
运行时间：西乡大铲湾总站07:10-08:10 |科技园总站18:00-19:00,深圳巴士集团股份有限公司,最后更新：2018-12-14,票价信息：冷巴3元,深圳高峰专线72公交车路线(西乡大铲湾总站—科技园公交总站),"1:西乡大铲湾总站
2:金港大道(2)
3:富通城二期
4:圣淘沙
5:西乡盐田大门
6:西乡盐田
7:同仁妇科医院
8:西乡步行街
9:河东
10:群贤花园
11:宝安体育馆东
12:金成名苑
13:西城上筑
14:甲岸路口
15:中商花园
16:宝安实验学校
17:方鼎华庭
18:北环科苑天桥
19:海能达大厦
20:科苑立交南
21:科苑北
22:深南科苑立交北
23:高科技中心
24:中兴通讯
25:科技园公交总站
","1:科技园公交总站
2:中兴通讯
3:高科技中心
4:深南科苑立交北
5:科苑北
6:海能达大厦
7:北环科苑天桥
8:方鼎华庭
9:中南花园
10:中商花园
11:甲岸路口
12:西城上筑
13:金成名苑
14:宝安体育馆东
15:群贤花园
16:河东
17:西乡步行街
18:西乡盐田大门
19:圣淘沙
20:富通城二期
21:西乡大铲湾码头
22:金港大道(1)
23:西乡大铲湾总站
",深圳高峰专线72公交车路线,深圳高峰专线72公交车路线(科技园公交总站—西乡大铲湾总站),高峰专线
运行时间：大浪部九窝07:10 07:40 |深圳北站18:10 18:40,深圳市西部公共汽车有限公司,最后更新：2018-12-14,票价信息：冷巴2元,深圳高峰专线76公交车路线(部九窝—深圳北站),"1:部九窝
2:简上社区公园
3:简上村
4:龙塘新村西
5:深圳北站交通枢纽公交场站
","1:深圳北站交通枢纽公交场站
2:龙塘新村西
3:简上村
4:简上社区公园
5:部九窝
",深圳高峰专线76公交车路线,深圳高峰专线76公交车路线(深圳北站—部九窝),高峰专线
运行时间：石岩外环路公交场站06:40-07:40 |福田交通枢纽17:30-19:30,深圳市西部公共汽车有限公司,最后更新：2018-12-14,票价信息：冷巴5元,深圳高快巴士70公交车路线(石岩外环路公交场站—福田交通枢纽),"1:石岩外环路公交场站
2:新百丽
3:鹏城变电站
4:嘉义源科技园
5:大浪新围新村
6:新围社区公园
7:大船坑
8:水围新村
9:大浪街道办
10:万盛百货
11:英泰工业区
12:墩背社区
13:新城市花园
14:狮头岭村委
15:弓村
16:山咀头
17:龙华地铁站
18:龙胜地铁站
19:龙军花园
20:香蜜红荔立交
21:天安数码城
22:下沙(1)
23:福田交通枢纽
","1:福田交通枢纽
2:竹子林(1)
3:下沙(2)
4:上沙
5:天安数码城
6:香蜜红荔立交
7:龙胜地铁站
8:龙华地铁站
9:弓村
10:狮头岭村委
11:新城市花园
12:墩背社区
13:英泰工业区
14:万盛百货
15:大浪街道办
16:水围新村
17:大船坑
18:新围社区公园
19:大浪新围新村
20:嘉义源科技园
21:鹏城变电站
22:新百丽
23:石岩外环路公交场站
",深圳高快巴士70公交车路线,深圳高快巴士70公交车路线(福田交通枢纽—石岩外环路公交场站),高峰专线
运行时间：时尚创意城总站06:25-07:40 10:30-11:30 16:20-18:20 |上海宾馆西08:30-09:30 12:00-13:00 18:05-20:10,深圳市西部公共汽车有限公司,最后更新：2018-12-14,票价信息：冷巴3元,深圳高峰专线38公交车路线(时尚创意城总站—上海宾馆西),"1:时尚创意城总站
2:石凹路中
3:华荣综合市场
4:华荣工业区
5:大浪行政中心
6:德泰科技园
7:大浪商业中心东
8:华科街
9:三合华侨新村
10:福瑞尔工业园
11:龙华村
12:龙华交管所
13:赤岭头村
14:龙胜地铁站
15:简上路口北
16:上芬小学
17:人民路口
18:水榭春天
19:南源新村
20:龙华绿廊公园
21:深圳北站东广场
22:龙悦居
23:枫丹雅苑
24:景田沃尔玛
25:龙塘
","26:鲁班大厦
27:华强职校
28:投资大厦
29:岗厦北地铁站(1)
30:华富路(1)
31:上海宾馆西
",深圳高峰专线38公交车路线,深圳高峰专线38公交车路线(上海宾馆西—时尚创意城总站),高峰专线
运行时间：坂田风门坳总站07:00-08:00 16:40-17:30 |华富路08:30-09:10 18:00-19:30,深圳市东部公共交通有限公司,最后更新：2018-12-14,票价信息：冷巴4元,深圳高快巴士39公交车路线(坂田风门坳总站—华富路(2)),"1:坂田风门坳总站
2:岗头市场
3:华为基地
4:华为单身公寓北
5:万科城
6:中海日辉台
7:坂田东村
8:金洲嘉丽园
9:坂田地铁站
10:宏扬学校
11:华富路(2)
","1:华富路(2)
2:宏扬学校
3:坂田地铁站
4:扬马市场
5:金洲嘉丽园
6:坂田东村
7:中海日辉台
8:万科城
9:华为单身公寓北
10:华为基地
11:岗头市场
12:坂田风门坳总站
",深圳高快巴士39公交车路线,深圳高快巴士39公交车路线(华富路(2)—坂田风门坳总站),高峰专线
运行时间：大鹏站06:40-08:40 16:30-18:30 |留医部②07:55-09:55 17:45-19:45,深圳市东部公共交通有限公司,最后更新：2018-12-14,票价信息：冷巴上车2元，分段收费，全程10元,深圳高峰专线50公交车路线(大鹏中心—留医部(2)),"1:大鹏中心(1)
2:葵涌中心
3:葵涌中学
4:莲塘
5:罗湖体育馆
6:留医部(2)
","1:留医部(2)
2:罗湖体育馆
3:莲塘
4:葵涌中学
5:葵涌中心
6:大鹏中心(1)
",深圳高峰专线50公交车路线,深圳高峰专线50公交车路线(留医部(2)—大鹏中心),高峰专线
运行时间：南头总站07:20-18:20 |福田高铁站07:30-18:30,深圳巴士集团股份有限公司,最后更新：2018-12-14,票价信息：冷巴2元,深圳高峰专线62公交车路线(南头总站—福田高铁站),"1:南头总站
2:南山汽车站
3:南山公安分局
4:中山公园东门
5:南山农批市场
6:同乐学校
7:同乐村
8:TCL国际E城
9:第二高级中学
10:茶光路中
11:茶光石鼓路口
12:文光村
13:龙辉花园(2)
14:新屋村
15:鼎胜山邻
16:桃源村
17:桃源村东
18:沙河建工村
19:华侨城医院
20:警校
21:深圳人才园(2)
22:竹子林(1)
23:深航大厦
24:招商银行大厦(1)
25:深南香蜜立交
","26:香蜜湖(1)
27:特区报社(1)
28:投资大厦
29:福田高铁站
",深圳高峰专线62公交车路线,深圳高峰专线62公交车路线(福田高铁站—南头总站),高峰专线
运行时间：金侨花园--富士康南二门07:00--21:00,深圳市西部公共汽车有限公司,最后更新：2018-12-14,票价信息：冷巴2元,深圳高峰专线46公交车路线(金侨花园—富士康南二门),"1:金侨花园
2:弓村
3:弓村北门
4:美丽365花园
5:龙华环保所
6:龙华文化广场
7:共和新村
8:瓦窑排
9:龙华富士康
10:富士康南二门
","1:富士康南二门
2:龙华富士康
3:瓦窑排
4:共和新村
5:龙华文化广场
6:龙华环保所
7:美丽365花园
8:弓村北门
9:弓村
10:金侨花园
",深圳高峰专线46公交车路线,深圳高峰专线46公交车路线(富士康南二门—金侨花园),高峰专线
运行时间：坪山火车站06:40 06:50 17:40 17:50 |横岗地铁站07:40 07:50 18:40 18:50,深圳市东部公共交通有限公司,最后更新：2018-12-14,票价信息：冷巴2元,深圳高峰专线64公交车路线(坪山火车站—横岗地铁站),"1:坪山火车站
2:坪山火车站南广场
3:站前路东
4:大工业区体育中心
5:坪山区委区政府
6:市规土委坪山局
7:六联酒店
8:飞东村
9:坪山电子城
10:坪山建设银行
11:东方威尼斯
12:深业东城上邸
13:坪山城市候机楼
14:深业东城国际
15:横坪沙湖路口
16:赤子香路口
17:马峦山郊野公园
18:永湖地铁站
19:独竹
20:横岗地铁站
","1:横岗地铁站
2:独竹
3:永湖地铁站
4:马峦山郊野公园
5:赤子香路口
6:横坪沙湖路口
7:深业东城国际
8:坪山城市候机楼
9:深业东城上邸
10:东方威尼斯
11:坪山建设银行
12:坪山电子城
13:飞东村
14:六联酒店
15:市规土委坪山局
16:坪山区委区政府
17:大工业区体育中心
18:站前路东
19:坪山火车站南广场
20:坪山火车站
",深圳高峰专线64公交车路线,深圳高峰专线64公交车路线(横岗地铁站—坪山火车站),高峰专线
运行时间：大梅沙闻檀道场站07:10-08:10 |福田高铁站17:40-18:40,深圳巴士集团股份有限公司,最后更新：2018-12-14,票价信息：冷巴上车2元，分段收费，全程7元,深圳高峰专线58公交车路线(大梅沙闻檀道场站—福田高铁站),"1:大梅沙闻檀道场站
2:中兴通讯学院
3:梅沙街道办
4:大梅沙
5:梅沙医院
6:畔山花园
7:聚宝路口
8:罗湖体育馆
9:黄贝岭
10:黄贝岭地铁站(2)
11:冶金大厦
12:春风万佳(2)
13:上步中学(2)
14:福滨新村(1)
15:联合广场
16:会展中心南
17:益田中路
18:信息枢纽大厦
19:福田高铁站
","1:福田高铁站
2:信息枢纽大厦
3:益田中路
4:会展中心南
5:福滨新村(1)
6:上步中学(2)
7:春风万佳(2)
8:冶金大厦
9:黄贝岭地铁站(2)
10:黄贝岭
11:罗湖体育馆
12:聚宝路口
13:畔山花园
14:梅沙医院
15:万科中心
16:大梅沙闻檀道场站
",深圳高峰专线58公交车路线,深圳高峰专线58公交车路线(福田高铁站—大梅沙闻檀道场站),高峰专线
运行时间：冠铭花园总站07:00-08:30 |上海宾馆西17:30-19:00,深圳巴士集团股份有限公司,最后更新：2018-12-14,票价信息：冷巴2元,深圳高峰专线49公交车路线(冠铭花园总站—上海宾馆西),"1:冠铭花园总站
2:龙辉花园(1)
3:新屋村
4:桃源村地铁站
5:深航大厦
6:深南香蜜立交
7:投资大厦
8:海关综合大楼
9:上海宾馆西
","1:上海宾馆西
2:海关综合大楼
3:广电大厦
4:深南香蜜立交
5:深航大厦
6:桃源村地铁站
7:新屋村
8:龙辉花园(1)
9:冠铭花园总站
",深圳高峰专线49公交车路线,深圳高峰专线49公交车路线(上海宾馆西—冠铭花园总站),高峰专线
运行时间：坂田象角塘总站06:30-20:00 |华富路始发站08:00-21:20,深圳市东部公共交通有限公司,最后更新：2018-12-14,票价信息：冷巴2元,深圳高峰专线37公交车路线(坂田象角塘总站—华富路始发站),"1:坂田象角塘总站
2:亚洲工业区
3:金荣达工业园
4:岗头市场南
5:坂田华城百货
6:华为基地
7:华为单身公寓北
8:万科城实验学校
9:万科城
10:中海日辉台
11:坂田路口西
12:坂田市场
13:五和中路
14:五和地铁站
15:四季花城(1)
16:坂田民营市场
17:光雅园路口
18:南坑村
19:星光之约(2)
20:星河WORLD
21:万家灯火
22:滢水山庄(1)
23:民乐地铁站(2)
24:梅龙天桥
25:长城开发
","26:笔架山公园
27:市二医院(2)
28:海外装饰大厦(2)
29:华富路始发站
",深圳高峰专线37公交车路线,深圳高峰专线37公交车路线(华富路始发站—坂田象角塘总站),高峰专线
运行时间：松岗汽车站05:30-20:00 |文锦渡客运站08:00-22:00,深圳市西部公共汽车有限公司,最后更新：2018-12-14,票价信息：冷巴10元,深圳高快巴士36公交车路线(松岗汽车站—文锦渡汽车站),"1:松岗汽车站
2:公明汽车站(1)
3:研祥北门
4:光明大道换乘站
5:华星光电
6:北环科苑天桥
7:世界之窗(2)
8:下沙(2)
9:会展中心南
10:滨河华强天桥
11:罗湖医院
12:文锦渡汽车站
","1:文锦渡汽车站
2:罗湖医院
3:滨河华强天桥
4:会展中心南
5:下沙(2)
6:世界之窗(2)
7:北环科苑天桥
8:华星光电
9:光明大道换乘站
10:研祥北门
11:公明汽车站
12:松岗汽车站
",深圳高快巴士36公交车路线,深圳高快巴士36公交车路线(文锦渡汽车站—松岗汽车站),高峰专线
运行时间：壹城中心花园公交总站-科技园公交总站 07:00 07:15 07:30,深圳市西部公共汽车有限公司,最后更新：2018-12-14,票价信息：冷巴2.5元,深圳高快巴士32公交车路线(壹城中心花园公交总站—科技园公交总站),"1:壹城中心花园公交总站
2:风和日丽北
3:丰润居委会
4:银泉花园
5:锦绣江南西
6:松仔园
7:腾龙路口
8:北环铜鼓天桥
9:朗山路中
10:孙逸仙心血管医院
11:科苑北环立交(2)
12:科苑立交南
13:科苑北
14:深南科苑立交北
15:高科技中心
16:白石科苑路口
17:高新公寓
18:科技园公交总站
",,深圳高快巴士32公交车路线,,高峰专线
运行时间：楼村公交总站06:00 07:30 17:00 18:30 |月亮湾填海区公交总站07:40 09:10 18:40 20:10,深圳市西部公共汽车有限公司,最后更新：2018-12-14,票价信息：冷巴10元,深圳高快巴士33公交车路线(楼村公交总站—月亮湾填海区公交总站),"1:楼村公交总站
2:中大附七换乘站
3:光明中心站
4:光明大道换乘站
5:华星光电
6:明湖公园
7:兴东地铁站
8:创业天虹商场
9:月亮湾填海区公交总站
","1:月亮湾填海区公交总站
2:创业天虹商场
3:兴东地铁站
4:塘尾羽毛球馆
5:华星光电
6:光明大道换乘站
7:光明中心站
8:中大附七换乘站
9:楼村公交总站
",深圳高快巴士33公交车路线,深圳高快巴士33公交车路线(月亮湾填海区公交总站—楼村公交总站),高峰专线
运行时间：长凤路总站06:30-08:30 15:00-17:00 |民田路公交总站08:30-10:30 17:30-19:30,深圳巴士集团股份有限公司,最后更新：2018-12-14,票价信息：冷巴上车2元，分段收费，全程10元,深圳高快巴士31公交车路线(长凤路总站—民田路公交总站),"1:长凤路总站
2:圳塘
3:东长光侨路口
4:东长同观路口
5:甲子塘村
6:甲子塘路口
7:田寮路口
8:田寮
9:玉律
10:石岩汽车站
11:万联商场
12:石岩街道办
13:官田村
14:宝燃油站
15:长城工业区
16:水田社区
17:东海花园
18:深航大厦
19:招商银行大厦(2)
20:深南香蜜立交
21:投资大厦
22:大中华国际广场
23:会展中心地铁站
24:卓越时代广场
25:购物公园地铁站
","26:民田路公交总站
",深圳高快巴士31公交车路线,深圳高快巴士31公交车路线(民田路公交总站—长凤路总站),高峰专线
运行时间：黄贝岭村总站07:00-09:00 17:30-19:30 |南岭花园总站07:00-09:00 17:30-19:30,深圳巴士集团股份有限公司,最后更新：2018-12-14,票价信息：冷巴2元,深圳高峰专线32公交车路线(黄贝岭村总站—南岭花园总站),"1:黄贝岭村总站
2:黄贝岭地铁站(1)
3:冶金大厦
4:罗湖区委
5:螺岭
6:田贝(1)
7:洪湖公园(2)
8:荣超花园(4)
9:龙珠花园
10:木棉湾地铁站(2)
11:大芬油画村
12:南岭花园总站
","1:南岭花园总站
2:大芬油画村
3:木棉湾地铁站(2)
4:龙珠花园(3)
5:荣超花园(3)
6:洪湖公园(2)
7:田贝(1)
8:螺岭
9:罗湖区委
10:冶金大厦
11:黄贝岭地铁站(1)
12:黄贝岭村总站
",深圳高峰专线32公交车路线,深圳高峰专线32公交车路线(南岭花园总站—黄贝岭村总站),高峰专线
运行时间：楼村公交总站06:20 06:50 |沙河东公交总站17:40 18:10,深圳市西部公共汽车有限公司,最后更新：2018-12-14,票价信息：冷巴10元,深圳高快巴士35公交车路线(楼村公交总站—沙河东公交总站),"1:楼村公交总站
2:中大附七换乘站
3:光明中心站
4:光明大道换乘站
5:光明会展中心
6:华强创意产业园
7:光明城站
8:玉律
9:红星居委会
10:石岩湖度假村
11:台湾工业区
12:创维天桥
13:西丽法庭(1)
14:世界之窗(2)
15:沙河东公交总站
","1:沙河东公交总站
2:世界之窗(2)
3:西丽法庭(1)
4:创维天桥
5:台湾工业区
6:石岩湖度假村
7:红星居委会
8:玉律
9:光明城站
10:华强创意产业园
11:光明会展中心
12:光明大道换乘站
13:光明中心站
14:中大附七换乘站
15:楼村公交总站
",深圳高快巴士35公交车路线,深圳高快巴士35公交车路线(沙河东公交总站—楼村公交总站),高峰专线
运行时间：坂田雪象村总站06:30-07:30 |科技园公交总站17:30-18:30,深圳市西部公共汽车有限公司,最后更新：2018-12-14,票价信息：冷巴上车2元，分段收费，全程9元,深圳高快巴士34公交车路线(坂田雪象村总站—科技园公交总站),"1:坂田雪象村总站
2:雪象新村
3:宝岗派出所
4:象角塘西
5:万科城实验学校
6:万科城
7:中海日辉台
8:坂田路口西
9:坂田市场
10:里石排
11:利金城工业园
12:水斗新村
13:上油松村
14:牛栏前市场
15:万众城
16:牛栏前
17:沙吓
18:东边(1)
19:沙元埔
20:横岭二区
21:横岭
22:惠鑫公寓(1)
23:民乐地铁站(3)
24:广中医深圳医院
25:北环香梅北天桥
","26:高发科技园
27:北环铜鼓天桥
28:清华信息港
29:科苑立交南
30:科苑北
31:科发路
32:深南科技立交北
33:创维大厦
34:中兴通讯
35:深港产学研基地
36:白石科苑路口
37:高新公寓
38:科技园公交总站
",深圳高快巴士34公交车路线,深圳高快巴士34公交车路线(科技园公交总站—坂田雪象村总站),高峰专线
运行时间：光明圳美总站06:30-11:00 15:00-19:30 |前海航海路总站07:00-11:30 15:30-20:00,深圳巴士集团股份有限公司,最后更新：2018-12-14,票价信息：冷巴上车2元，分段收费，全程10元,深圳高快巴士30公交车路线(光明圳美总站—前海航海路总站),"1:光明圳美总站
2:第二职业技术学校
3:碧眼社康
4:光明中心站
5:光明社保分局
6:楼村一工业区
7:宏发上域
8:雍景城西
9:光明图书馆西
10:光明人民医院(2)
11:将石
12:东坑
13:公明塘尾
14:塘尾羽毛球馆
15:直升机场
16:研祥科技大厦
17:深圳大学
18:市六医院东
19:南航公司
20:南山派出所
21:中油大厦
22:城市山林西
23:太子山庄
24:青青世界
25:南山花园
","26:前海兴海路口
27:信利康大厦
28:前海航海路总站
",深圳高快巴士30公交车路线,深圳高快巴士30公交车路线(前海航海路总站—光明圳美总站),高峰专线
运行时间：凤凰总站06:50-08:00 17:15-18:15 |银湖汽车站总站07:30-08:30 17:30-18:30,深圳市西部公共汽车有限公司,最后更新：2018-12-14,票价信息：冷巴上车2元，分段收费，全程8元,深圳高快巴士29公交车路线(凤凰总站—银湖汽车站总站),"1:凤凰总站
2:301总站
3:福永汽车站
4:宝安交警大队
5:翠湖花园
6:黄田
7:钟屋
8:宝安桃源居西
9:固戍村
10:西成工业区
11:宝安农批市场
12:宝安客运中心南
13:直升机场
14:北环香梅北天桥
15:深圳石油大厦
16:广中医深圳医院
17:彩田村北
18:笔架山水厂
19:市救助站
20:银湖汽车站总站
","1:银湖汽车站总站
2:市救助站
3:笔架山水厂
4:华茂苑
5:广中医深圳医院
6:北环香梅北天桥
7:直升机场
8:宝安客运中心南
9:宝安农批市场
10:西成工业区
11:固戍村
12:宝安桃源居西
13:钟屋
14:黄田
15:翠湖花园
16:宝安交警大队
17:福永汽车站
18:301总站
19:凤凰总站
",深圳高快巴士29公交车路线,深圳高快巴士29公交车路线(银湖汽车站总站—凤凰总站),高峰专线
运行时间：时尚创意城06:00-07:00 17:45-18:30 |福田高铁站07:30-08:30 19:00-20:00,深圳市西部公共汽车有限公司,最后更新：2018-12-14,票价信息：冷巴3元,深圳高快巴士28公交车路线(时尚创意城总站—福田高铁站),"1:时尚创意城总站
2:石龙仔路口
3:浪宁路口
4:浪宁路南
5:高科工业园
6:惠科正门
7:龙军花园
8:枫丹雅苑
9:福田外语学校西
10:深圳石油大厦
11:广中医深圳医院
12:景鹏大厦
13:莲花山公园
14:儿童医院
15:市民中心
16:市民中心东
17:福田高铁站
","1:福田高铁站
2:市民中心西
3:儿童医院
4:莲花山公园(2)
5:景鹏大厦
6:广中医深圳医院
7:景田沃尔玛
8:枫丹雅苑
9:龙军花园
10:惠科正门
11:高科工业园
12:浪宁路南
13:浪宁路口
14:石龙仔路口
15:时尚创意城总站
",深圳高快巴士28公交车路线,深圳高快巴士28公交车路线(福田高铁站—时尚创意城总站),高峰专线
运行时间：观澜茗语华苑06:30-18:30 |购物公园地铁站08:00-20:00,深圳市西部公共汽车有限公司,最后更新：2018-12-14,票价信息：冷巴5元,深圳高快巴士27公交车路线(观澜茗语华苑—购物公园地铁),"1:观澜茗语华苑
2:茗语华苑正门
3:黎光社康中心
4:捷坤工业区
5:库坑天桥
6:大富工业区路口
7:吉岭村综合楼
8:溢佳工业园
9:福安雅园
10:福安雅园北
11:永勤厂
12:民乐地铁站(3)
13:梅龙天桥
14:长城开发
15:莲花二村(2)
16:武警支队
17:彩福大厦
18:岗厦地铁站
19:会展中心地铁站
20:购物公园地铁站
","1:购物公园地铁站
2:会展中心地铁站
3:岗厦地铁站
4:彩福大厦
5:武警支队
6:莲花二村(2)
7:长城开发
8:梅龙天桥
9:民乐地铁站(3)
10:永勤厂
11:福安雅园北
12:福安雅园
13:溢佳工业园
14:吉岭村综合楼
15:福城街道办
16:库坑天桥
17:捷坤工业区
18:黎光社康中心
19:茗语华苑正门
20:观澜茗语华苑
",深圳高快巴士27公交车路线,深圳高快巴士27公交车路线(购物公园地铁—观澜茗语华苑),高峰专线
运行时间：南航明珠花园北门06:30-07:30 16:20-17:20 |桃源村08:10-09:10 18:00-19:00,深圳巴士集团股份有限公司,最后更新：2018-12-14,票价信息：冷巴3元,深圳高峰专线26公交车路线(南航明珠花园北门—桃源村),"1:南航明珠花园北门
2:固戍地铁站
3:联升购物广场
4:固戍红湾
5:华万工业园
6:银田工业区
7:西乡客运站
8:西乡盐田大门
9:宝源新村
10:华忆科技
11:海滨新村
12:深业新岸线
13:西岸花园
14:宝安行政中心北
15:宝安赛格
16:创业天虹商场
17:宝安交通运输局(3)
18:深南北环立交(1)
19:南头(1)
20:研祥科技大厦
21:豪方现代豪园
22:朗山路西
23:海普瑞
24:科技北三路
25:科陆大厦
","26:松坪学校小学部
27:茶光(1)
28:龙辉花园(2)
29:新屋村
30:桃源村
",深圳高峰专线26公交车路线,深圳高峰专线26公交车路线(桃源村—南航明珠花园北门),高峰专线
运行时间：六约新村06:40-07:40 |福田保税区总站17:30-18:30,深圳巴士集团股份有限公司,最后更新：2018-12-14,票价信息：冷巴2元,深圳高快巴士26公交车路线(六约新村—福田保税区),"1:六约新村
2:深圳法律创意园
3:日塑
4:来座山
5:布吉慢城
6:康达尔
7:半岛苑
8:木棉湾地铁站(1)
9:荣超花园(2)
10:独树村
11:泥岗桥
12:红岗花园
13:市话大厦
14:海外装饰大厦(1)
15:人才大厦
16:市民中心东
17:大中华国际广场
18:福华三路口
19:皇岗中学
20:福民地铁站
21:国花路口
22:绒花路口东
23:福田保税区总站
","1:福田保税区总站
2:三号隧道口
3:福源花园
4:绒花路口东
5:椰风路口
6:国花路口
7:福民地铁站
8:皇岗中学
9:福华三路口
10:大中华国际广场
11:市民中心东
12:人才大厦
13:泥岗村(1)
14:宝安北路口(1)
15:泥岗桥
16:独树村(2)
17:荣超花园(2)
18:木棉湾地铁站(1)
19:东方半岛
20:半岛苑
21:康达尔
22:布吉慢城
23:来座山
24:日塑
25:深圳法律创意园
",深圳高快巴士26公交车路线,深圳高快巴士26公交车路线(福田保税区—六约新村),高峰专线
运行时间：光明光晟厂总站05:50 08:00 15:40 18:00 |深圳湾口岸公交总站08:00 10:00 18:00 20:30,深圳市西部公共汽车有限公司,最后更新：2018-12-14,票价信息：冷巴10元,深圳高快巴士24公交车路线(光晟厂—深圳湾口岸),"1:光晟厂
2:中大附七换乘站
3:楼村小学
4:宏发上域
5:长春花园
6:锦鸿花园
7:钟表基地
8:深职院
9:西丽法庭(1)
10:茶光(1)
11:科苑北
12:高科技中心
13:深圳湾口岸公交总站
","1:深圳湾口岸公交总站
2:高科技中心
3:科苑北
4:茶光(1)
5:西丽法庭(1)
6:深职院
7:钟表基地
8:锦鸿花园
9:公明办事处
10:长春花园
11:宏发上域
12:楼村小学
13:中大附七换乘站
14:光晟厂
",深圳高快巴士24公交车路线,深圳高快巴士24公交车路线(深圳湾口岸—光晟厂),高峰专线
运行时间：牛栏前商业街07:00-09:00 |八卦路17:30-19:30,深圳巴士集团股份有限公司,最后更新：2018-12-14,票价信息：冷巴2元,深圳高峰专线24公交车路线(牛栏前商业街—八卦路),"1:牛栏前商业街
2:牛栏前
3:水尾
4:民康路口
5:横岭二区
6:惠鑫公寓(3)
7:银湖汽车站(1)
8:泥岗村(2)
9:八卦路
","1:八卦路
2:旭飞花园
3:泥岗村(1)
4:银湖汽车站(1)
5:惠鑫公寓(2)
6:横岭二区
7:民康路口
8:水尾
9:牛栏前
10:牛栏前商业街
",深圳高峰专线24公交车路线,深圳高峰专线24公交车路线(八卦路—牛栏前商业街),高峰专线
运行时间：长凤路总站06:00-18:30 |沙河东公交总站07:40-20:10,深圳巴士集团股份有限公司,最后更新：2018-12-14,票价信息：冷巴上车2元，分段收费，全程8元,深圳高快巴士23公交车路线(长凤路总站—沙河东公交总站),"1:长凤路总站
2:海纳中心
3:普联科技园
4:田寮市场
5:公明模具基地
6:深职院
7:西丽法庭(1)
8:茶光(1)
9:科苑北
10:高科技中心
11:高新公寓南
12:中信红树湾
13:沙河东公交总站
","1:沙河东公交总站
2:中信红树湾
3:高新公寓南
4:高科技中心
5:科苑北
6:茶光(1)
7:西丽法庭(1)
8:深职院
9:公明模具基地
10:田寮市场
11:普联科技园
12:长凤路总站
",深圳高快巴士23公交车路线,深圳高快巴士23公交车路线(沙河东公交总站—长凤路总站),高峰专线
运行时间：光明圳美总站07:00-19:30 |福田南总站07:00-20:00,深圳巴士集团股份有限公司,最后更新：2018-12-14,票价信息：冷巴上车2元，分段收费，全程8元,深圳高快巴士25公交车路线(光明圳美总站—福田南总站),"1:光明圳美总站
2:第二职业技术学校
3:碧眼社康
4:光明中心站
5:滨河苑
6:东周小学
7:光明交通局
8:光明大道换乘站
9:景田沃尔玛
10:龙塘
11:香蜜二村
12:投资大厦
13:市民广场东
14:岗厦北地铁站(1)
15:上海宾馆
16:中大八院
17:福田南总站
","1:福田南总站
2:中大八院
3:上海宾馆
4:岗厦北地铁站(1)
5:市民广场东
6:广电大厦
7:香蜜二村
8:龙塘
9:景田沃尔玛
10:光明大道换乘站
11:光明交通局
12:东周小学
13:滨河苑
14:光明中心站
15:碧眼社康
16:第二职业技术学校
17:光明圳美总站
",深圳高快巴士25公交车路线,深圳高快巴士25公交车路线(福田南总站—光明圳美总站),高峰专线
运行时间：民康路口07:00-07:45 |门诊部17:35-18:15,深圳市西部公共汽车有限公司,最后更新：2018-12-14,票价信息：冷巴3元,深圳高快巴士9公交车路线(民康路口—门诊部(1)),"1:民康路口
2:横岭二区
3:横岭
4:惠鑫公寓(2)
5:泥岗村(2)
6:八卦岭社康中心
7:友谊医院
8:市检察院(2)
9:园岭地铁站
10:西湖宾馆
11:振业大厦
12:人民桥
13:门诊部(1)
","1:门诊部(2)
2:人民桥
3:振业大厦
4:深港豪苑
5:西湖宾馆
6:园岭地铁站
7:市检察院(2)
8:友谊医院
9:八卦岭社康中心
10:平安大厦(2)
11:惠鑫公寓(2)
12:横岭
13:横岭二区
14:民康路口
",深圳高快巴士9公交车路线,深圳高快巴士9公交车路线(门诊部(2)—民康路口),高峰专线
运行时间：宝安体育馆南07:50 08:20|世界之窗18:00 18:20,深圳巴士集团股份有限公司,最后更新：2018-12-14,票价信息：冷巴2元,深圳高峰专线8公交车路线(宝安赛格—世界之窗(2)),"1:宝安赛格
2:金成名苑
3:西城上筑
4:甲岸路口
5:中商花园
6:宝安实验学校
7:南头(1)
8:深大北门(1)
9:科技园(1)
10:大冲
11:世界之窗(2)
","1:世界之窗(2)
2:大冲
3:科技园(1)
4:深大北门(1)
5:南头(1)
6:中南花园
7:中商花园
8:甲岸路口
9:西城上筑
10:宝安赛格
",深圳高峰专线8公交车路线,深圳高峰专线8公交车路线(世界之窗(2)—宝安赛格),高峰专线
运行时间：万科第五园公交总站07:00-09:00 |科技园公交总站17:40-19:00,深圳巴士集团股份有限公司,最后更新：2018-12-14,票价信息：冷巴3元,深圳高峰专线22公交车路线(万科五园公交总站—科技园公交总站),"1:万科五园公交总站
2:南坑村
3:星光之约(2)
4:滢水山庄(2)
5:广中医深圳医院
6:科苑北
7:中兴通讯
8:科技园公交总站
","1:科技园公交总站
2:中兴通讯
3:科苑北
4:广中医深圳医院
5:滢水山庄(2)
6:星光之约(2)
7:南坑村
8:万科五园公交总站
",深圳高峰专线22公交车路线,深圳高峰专线22公交车路线(科技园公交总站—万科五园公交总站),高峰专线
运行时间：固戍公交接驳站07:20 07:30 07:40 07:55 |高新西公交总站17:50 18:10 18:20 18:30,深圳巴士集团股份有限公司,最后更新：2018-12-14,票价信息：冷巴2元,深圳高快巴士21公交车路线(固戍地铁公交接驳站—高新西公交总站),"1:固戍地铁公交接驳站
2:固戍地铁站
3:联升购物广场
4:华盛辉大厦
5:西乡地铁站
6:永丰路口
7:坪洲地铁站
8:径贝居委会
9:万和制药
10:科兴科学园西
11:深圳软件园
12:帝景园
13:高新西公交总站
","1:高新西公交总站
2:帝景园
3:深圳软件园西
4:深圳软件园
5:科兴科学园西
6:万和制药
7:奥萨医药
8:赛百诺
9:径贝居委会
10:坪洲地铁站
11:永丰路口
12:西乡地铁站
13:华盛辉大厦
14:联升购物广场
15:固戍地铁站
16:固戍地铁公交接驳站
",深圳高快巴士21公交车路线,深圳高快巴士21公交车路线(高新西公交总站—固戍地铁公交接驳站),高峰专线
运行时间：万科第五园公交总站07:00-09:30 |福田保税区总站17:00-19:30,深圳巴士集团股份有限公司,最后更新：2018-12-14,票价信息：冷巴3元,深圳高峰专线21公交车路线(万科五园公交总站—福田保税区),"1:万科五园公交总站
2:光雅园路口
3:坂田石化新村
4:南坑村
5:星光之约(2)
6:滢水山庄(1)
7:莲花中学
8:福华新村
9:联合广场
10:高级技校
11:绒花路口西
12:福田保税区总站
","1:福田保税区总站
2:绒花路口东
3:高级技校
4:联合广场
5:岗厦北地铁站(1)
6:莲花中学
7:滢水山庄(1)
8:星光之约(2)
9:南坑村
10:坂田手造文化街
11:万科五园公交总站
",深圳高峰专线21公交车路线,深圳高峰专线21公交车路线(福田保税区—万科五园公交总站),高峰专线
运行时间：五区市场07:30-08:40 |大冲17:45 18:20 19:00,深圳巴士集团股份有限公司,最后更新：2018-12-14,票价信息：冷巴2元,深圳高峰专线9公交车路线(五区市场—大冲),"1:五区市场
2:宝安汽车站
3:宝民派出所
4:宝民社区
5:深南北环立交(2)
6:深大北门(1)
7:科技园(1)
8:大冲
","1:大冲
2:科技园(1)
3:深大北门(1)
4:研祥科技大厦
5:方鼎华庭
6:深南北环立交(3)
7:五区市场
8:宝安汽车站
9:宝民派出所
10:宝民社区
",深圳高峰专线9公交车路线,深圳高峰专线9公交车路线(大冲—宝民社区),高峰专线
运行时间：深南北环立交06:40-21:00 |龙华总站06:40-21:00,深圳市西部公共汽车有限公司,最后更新：2018-12-14,票价信息：冷巴6元,深圳高快巴士10公交车路线(深南北环立交—龙华总站),"1:深南北环立交(2)
2:宝安交通运输局
3:西乡路口
4:宝安中心医院
5:宝安农批市场
6:固戍村
7:宝安桃源居西
8:鹤洲桥底
9:羊台山
10:大浪石观工业区
11:龙华村
12:金龙华广场
13:龙华天虹商场
14:人民医院龙华分院
15:龙华汽车站西
16:龙华总站
","1:龙华总站
2:龙华汽车站西
3:人民医院龙华分院
4:龙华天虹商场
5:金龙华广场
6:龙华村
7:大浪石观工业区
8:羊台山
9:鹤洲桥底
10:宝安桃源居西
11:固戍村
12:宝安农批市场
13:宝安中心医院
14:西乡路口
15:宝安交通运输局(2)
16:深南北环立交(3)
",深圳高快巴士10公交车路线,深圳高快巴士10公交车路线(龙华总站—深南北环立交(3)),高峰专线
运行时间：西乡恒生医院-会展中心 07:00 07:15 07:30,深圳市西部公共汽车有限公司,最后更新：2018-12-14,票价信息：冷巴5元,深圳高快巴士8公交车路线(西乡恒生医院—会展中心),"1:西乡恒生医院
2:同仁妇科医院
3:金成名苑
4:宝安实验学校
5:上沙
6:会展中心
",,深圳高快巴士8公交车路线,,高峰专线
运行时间：华瀚科技总站06:30-20:00 |蛇口广场07:20-21:00,深圳市西部公共汽车有限公司,最后更新：2018-12-14,票价信息：冷巴2.5元,深圳高峰专线7公交车路线(华瀚科技总站—蛇口广场),"1:华瀚科技总站
2:华瀚科技
3:科苑北环立交(2)
4:科苑立交南
5:科苑北
6:科发路
7:深南科技立交北
8:创维大厦
9:中兴通讯
10:深港产学研基地
11:粤海门村
12:桂庙村口
13:南山文化中心
14:北师大附小
15:后海新村
16:海月花园
17:半岛花园
18:湾厦村委
19:永乐新村
20:东角头
21:蛇口广场
","1:蛇口广场
2:蛇口新街
3:东角头
4:永乐新村
5:湾厦村委
6:半岛花园
7:海月花园
8:后海新村
9:北师大附小
10:南山文化中心
11:桂庙村口
12:粤海门村
13:深港产学研基地
14:中兴通讯
15:创维大厦
16:深南科技立交北
17:科发路
18:深南科苑立交北
19:科苑北
20:科苑北环立交
21:华瀚科技
22:华瀚科技总站
",深圳高峰专线7公交车路线,深圳高峰专线7公交车路线(蛇口广场—华瀚科技总站),高峰专线
运行时间：下沙总站07:15-09:00 |绒花路口东17:40-19:30,深圳巴士集团股份有限公司,最后更新：2018-12-14,票价信息：冷巴2元,深圳高峰专线1公交车路线(下沙总站—绒花路口东),"1:下沙总站
2:下沙(1)
3:上沙村
4:金地花园
5:沙嘴
6:益田村南
7:第三中学初中部
8:绒花路口西
9:绒花路口东
","1:绒花路口东
2:第三中学初中部
3:益田村南
4:福荣中路
5:下沙总站
6:下沙(1)
",深圳高峰专线1公交车路线,深圳高峰专线1公交车路线(绒花路口东—下沙(1)),高峰专线
运行时间：西乡恒生医院-大冲 07:00 07:20 07:40,深圳市西部公共汽车有限公司,最后更新：2018-12-14,票价信息：冷巴3元,深圳高快巴士7公交车路线(西乡恒生医院—大冲),"1:西乡恒生医院
2:海滨广场
3:宝安市场监管分局
4:大冲
",,深圳高快巴士7公交车路线,,高峰专线
运行时间：光明白花洞总站06:20-17:10 |华强路地铁公交接驳站08:00-19:00,深圳市西部公共汽车有限公司,最后更新：2018-12-14,票价信息：冷巴上车2元，分段收费，全程7元,深圳高快巴士6公交车路线(光明白花洞总站—华强路地铁公交接驳站),"1:光明白花洞总站
2:富民花园
3:富民广场
4:白花洞路口
5:宝源科技
6:大水坑一村
7:富士康南门
8:金湖湾园区
9:观悦酒店
10:吉岭新村
11:深雅五金塑料厂
12:章阁市场
13:大富工业区
14:硅谷动力观澜园
15:陂头吓新村
16:丰盛集团
17:陂头小区
18:陂老村
19:佳怡工业园
20:企坪村
21:桂花二市场
22:庙溪新村
23:庙溪一市场
24:长安桥
25:观澜爱心家园
","26:民乐地铁站(4)
27:福田党校
28:莲花二村(1)
29:华富路(1)
30:上海宾馆
31:华强路地铁公交接驳站
",深圳高快巴士6公交车路线,深圳高快巴士6公交车路线(华强路地铁公交接驳站—光明白花洞总站),高峰专线
运行时间：樟坑三区07:00-10:00 |群星广场18:00-22:00,深圳巴士集团股份有限公司,最后更新：2018-12-14,票价信息：冷巴3元,深圳高快巴士4公交车路线(樟坑三区—群星广场),"1:樟坑三区
2:横岭二区
3:横岭
4:群星广场
","1:群星广场
2:华富路口
3:惠鑫公寓(2)
4:横岭
5:横岭二区
6:樟坑三区
",深圳高快巴士4公交车路线,深圳高快巴士4公交车路线(群星广场—樟坑三区),高峰专线
运行时间：民乐地铁站07:00-09:00|福田保税区17:15-19:30,深圳巴士集团股份有限公司,最后更新：2018-12-14,票价信息：冷巴3元,深圳高峰专线3公交车路线(民乐地铁站—绒花路口东),"1:民乐地铁站
2:岗厦村
3:高级技校
4:绒花路口东
","1:绒花路口东
2:高级技校
3:岗厦村
4:中级法院
5:民乐地铁站
",深圳高峰专线3公交车路线,深圳高峰专线3公交车路线(绒花路口东—民乐地铁站),高峰专线
